designer,rating
gobin daudé,5.0
allen shaw,5.0
yu parfums,5.0
le cult 1944,5.0
prisma parfums,5.0
prince war,5.0
victoria perfumes,5.0
la bonte paris,5.0
viali,5.0
gocce di byron,5.0
pom pom collection,5.0
albidaa,5.0
melogranoantico profumeria botanica,5.0
chlorophylla,5.0
sanchez,5.0
velvet sam,5.0
rue 37,5.0
tayyib,5.0
ajne,5.0
lengling,5.0
les cakes de bertrand,5.0
coronation ambergris,5.0
alrehab oriental,5.0
maison douze,5.0
magister collection,5.0
asama perfumes,5.0
angela flanders,5.0
manzana paris,5.0
narcisse taormina,5.0
who am i,5.0
aura de arabia,5.0
amway,5.0
avatim,5.0
rare raise fragrance,5.0
b fragrances,5.0
lord milano,5.0
nayara,5.0
liushen 六神,5.0
radioactive mushrooms in the forest,5.0
lexington,5.0
julie burk perfumes,5.0
nimany,5.0
cortina 1224,5.0
ebba los angeles,5.0
mobius fragrances 莫比乌斯,5.0
ilya parfums,5.0
one day,5.0
fa'ra,5.0
emes,5.0
fantôme,5.0
elysian,5.0
fen perfumes,5.0
j.hannah co.,5.0
eligia,5.0
elemento mineral,5.0
odorata,5.0
etude house,5.0
o-twist,5.0
flora,5.0
fratelli diamanti,5.0
dayna decker,5.0
novae plus,5.0
mon petit paradis,5.0
nova,5.0
giorgio beverly hills,5.0
cristian brinck,5.0
schlossparfumerie,5.0
parfumerie bruckner,4.9399999999999995
velvet & sweet pea’s purrfumery,4.875
nez,4.86
maison anthony marmin,4.835
hez parfums,4.83
rave,4.83
western valley avenue london,4.8
wood moss,4.8
il profvmo,4.8
giorgio monti,4.75
my inner island parfums,4.75
blue scents,4.75
joaquin cortes,4.75
toni cabal,4.75
reine de saba,4.75
jean d'albret,4.75
sigilli,4.75
vestov perfume,4.734999999999999
malanotte,4.71
guepard,4.71
ensar oud,4.71
m8 moods,4.67
gaia parfums,4.67
guy fox,4.67
l'eau de cassis,4.67
plantes & parfums,4.67
la ric,4.67
cuarzo the circle,4.67
emper,4.67
compagnie royale des indes orientales,4.67
wally,4.67
montroi,4.67
charleston girl,4.67
accord parfait,4.67
mark des vince,4.67
al aneeq,4.67
blosson ville,4.665
emirates pride perfumes,4.663333333333333
o'driu,4.66
la prairie,4.65
pana dora,4.65
al musbah,4.625
segredos de perfumaria,4.62
abdul samad al qurashi,4.615
dumont,4.61
lothantique,4.6
"hové parfumeur, ltd.",4.6
calypso christiane celle,4.6
too faced,4.6
pantarei,4.59
l.t. piver,4.583333333333333
sophie nerval,4.58
helder machado perfumes,4.57
casaniche,4.57
deborah,4.57
arshia parfums,4.56
catherine omai,4.56
trnp,4.555
voskanian parfums,4.55
urban outfitters,4.54
lucien lelong,4.53
orla kiely,4.53
huggies®,4.53
norma kamali,4.52
signature fragrances,4.5
perlier,4.5
laura mercier,4.5
bluehill,4.5
doktor michalis s.a,4.5
sofia belluci profumi,4.5
la chantee,4.5
christian breton,4.5
ahjaar,4.5
lancetti,4.5
joan rivers,4.5
marquay,4.5
scent by the sea,4.5
ainash parfums,4.5
space nk,4.5
king's palace perfumery,4.5
roberta di camerino,4.5
cj scents,4.5
bic,4.5
massimo dutti,4.5
yas perfumes,4.5
proud,4.5
art deco perfumes,4.5
frey wille,4.5
ard al zaafaran,4.5
hi wildflower botanica,4.5
fl parfums,4.5
astre d'orient,4.5
arcana craves,4.5
roseto 1927,4.5
fumparfum,4.5
absolue diamond,4.5
hendley perfumes,4.5
arman manoukian parfums,4.5
extract,4.5
abahna,4.5
sfumato,4.5
naseem,4.5
sense of scent,4.5
roveri & aura,4.5
emeshel,4.5
emanuela biffoli,4.5
the world in scents,4.5
acqua di taormina parfums,4.5
jacadi,4.5
bravanariz,4.5
the woods collection,4.5
helio,4.5
guy laroche,4.49
faberge,4.48
love & nature,4.48
anna zworykina perfumes,4.47
abdul karim al faransi,4.46
strangelove nyc,4.45
glenn bracke,4.45
the bubble collection,4.45
clandestine laboratories,4.445
herba london,4.44
mark.,4.44
sharra pagano,4.44
incarna parfums,4.44
anne klein,4.43
lr,4.43
united scents of america,4.43
jo loves,4.43
cacharel,4.43
compagnia delle indie,4.43
ted lapidus,4.42
unomismo,4.42
sharini parfums naturels,4.42
dueto parfums,4.42
phoenix botanicals,4.42
musc et madame,4.415
olfattiva,4.415
yohji yamamoto,4.41
institut très bien,4.41
alexandria fragrances,4.41
eauk,4.4
amyi,4.4
naso di raza,4.4
terranova,4.4
dom prirody,4.4
zeitun,4.4
shulton company,4.4
angelos créations olfactives,4.4
heretic parfums,4.4
maison anonyme,4.4
jousset parfums,4.4
prudence paris,4.4
filles des iles,4.4
sense dubai,4.4
sabe masson,4.4
steve mcqueen,4.4
dzintars,4.398571428571429
louis cardin,4.395
the spirit of dubai,4.39
mdci parfums,4.39
acqua di biella,4.38
note33,4.38
balenciaga,4.38
kiko milano,4.38
diana de silva,4.38
amado,4.375
durance en provence,4.375
l'ateliero,4.375
borsari,4.375
washington tremlett,4.37
joya,4.37
air-val international,4.37
aaron terence hughes,4.37
quintessence,4.37
la bouche rouge,4.36
al-rehab,4.36
panier des sens,4.36
gianfranco ferre,4.36
michael michalsky,4.36
gloria vanderbilt,4.36
pont des arts,4.36
areej le doré,4.359999999999999
sultan pasha attars,4.359999999999999
bud parfums,4.35
franck muller,4.35
parfums karmic hues,4.35
nikkos-oskol fragrance,4.335
mont st michel,4.335
schiaparelli,4.335
filigree & shadow,4.333333333333333
motörhead,4.33
ilmin parfums,4.33
colornoise,4.33
enrico coveri,4.33
olfacto,4.33
parterre,4.33
acquadì,4.33
anucci,4.33
s.ishira,4.33
the house of potentia,4.33
ikiryō,4.33
michel germain,4.33
laboratoire des endorphines,4.33
uniform,4.33
maison de l'asie,4.33
mutis nueva granada,4.33
scents of man,4.33
guru perfumes,4.33
joliot descartes parfums,4.33
mirra,4.33
houbigant,4.33
alchemic muse,4.33
sergio scaglietti,4.33
atelier rebul,4.33
al shareef oudh,4.33
evaflor,4.33
le ré noir,4.32
daisy fuentes,4.32
atelier segall & barutti,4.32
haught parfums,4.32
caudalie,4.32
fiorucci,4.316666666666666
lilanur parfums,4.31
cultus artem,4.31
decennial,4.31
elementals,4.31
les petits plaisirs,4.306666666666667
jill stuart,4.303333333333334
helan,4.3
miro,4.3
venezia 1920,4.3
ahwaz fragrance,4.3
chris rusak,4.3
alghabra parfums,4.3
jafra,4.296666666666667
bvlgari,4.295
ayala moriel,4.29
history in drops,4.29
prada,4.29
junaid jamshed,4.29
frau tonis parfum,4.29
florame,4.29
the party,4.29
cloon keen atelier,4.29
isaev company,4.29
hermès,4.285
aramis,4.28
parfums de coeur,4.28
krizia,4.28
azzaro,4.28
lubin,4.28
greenature,4.279999999999999
mith,4.276666666666666
charles of the ritz,4.275
ladanika,4.273333333333333
maison gabriella chieffo,4.27
nusuk,4.27
bullfrog,4.27
goutal,4.27
perfumology,4.27
house of matriarch,4.265000000000001
spirit of kings,4.265000000000001
chloé,4.26
viktoria minya,4.26
avery,4.253333333333333
six scents,4.253333333333333
ggema,4.25
esscentual alchemy,4.25
reebok,4.25
s. cute,4.25
essentially me,4.25
judith leiber,4.25
divona,4.25
topmodel,4.25
jean-pierre sand,4.25
cr beauty,4.25
ahuja,4.25
sprezzatura,4.25
olibanum.,4.25
d’orsay,4.25
romeo gigli,4.25
emmanuelle jane,4.25
jeunesse,4.25
flumen profumi,4.25
marilyn miglin,4.25
mor,4.25
krigler,4.246666666666666
santa maria novella,4.244999999999999
brooks brothers,4.24
unique'e luxury,4.24
l'atelier des bois de grasse,4.24
daniel josier,4.24
fragrances of ireland,4.24
xerjoff,4.236666666666667
dior,4.236363636363636
stella mccartney,4.234999999999999
l'occitane en provence,4.232
horatio,4.23
snoopy fragrance,4.23
monom,4.23
prin,4.23
kyse perfumes,4.23
mila schön,4.225
verset parfums,4.225
ava luxe,4.225
asgharali,4.225
maiora parfum,4.22
jacques bogart,4.22
prince matchabelli,4.22
profumo di firenze,4.22
coquillete,4.22
sospiro perfumes,4.22
gendarme,4.22
laurelle london,4.215
nicolai parfumeur createur,4.215
g parfums,4.215
clive christian,4.21
acorelle,4.21
son venïn,4.21
original penguin,4.21
iconofly,4.21
louis phillippe monaco,4.21
pecksniff's,4.21
oscar de la renta,4.21
and other stories,4.21
re profumo,4.21
jequiti,4.206363636363636
ga-de,4.2
jardins d’ecrivains,4.2
cottage,4.2
juicy couture,4.2
le chameau,4.2
zaharoff,4.2
journal,4.2
atrin star,4.2
de gabor,4.2
everlast,4.2
mariella burani,4.2
philippe venet,4.2
nimere parfums,4.2
alvarez goméz,4.2
social creatures,4.2
parfumane,4.2
manos gerakinis,4.2
escentric molecules,4.2
aromachology,4.2
auphorie,4.2
bogner,4.2
mad et len,4.2
reyane tradition,4.2
pierre guillaume paris,4.1975
antonio visconti,4.195
lolita lempicka,4.195
bottega verde,4.193333333333333
franka m. berger,4.19
express,4.19
flamboyant,4.19
zielinski & rozen,4.19
soivohle,4.1899999999999995
mahogany,4.1875
jean paul gaultier,4.1875
mazzolari,4.1850000000000005
alexander mcqueen,4.183333333333334
birkholz,4.182
fresh line,4.18
motif olfactif,4.18
alan cumming,4.18
jardin de parfums,4.18
nayassia,4.18
eau jeune,4.175
antonio banderas,4.175
wild spirit,4.17
voile,4.17
art de parfum,4.17
blancheide,4.17
tulip,4.17
simone cosac profumi,4.17
susanne lang,4.17
s4p,4.17
sofia balestra,4.165
happyland,4.16
nest,4.16
jacomo,4.16
le couvent maison de parfum,4.16
luigi borrelli,4.16
britney spears,4.16
bath & body works,4.1570833333333335
lancôme,4.154999999999999
perfumer's workshop,4.154999999999999
laurent mazzone parfums,4.15
coreterno,4.15
estiara,4.15
une nuit nomade,4.15
carlo corinto,4.15
proad,4.15
mirum,4.15
alexandra de markoff,4.15
morph,4.15
cerruti,4.1499999999999995
coach,4.1466666666666665
majid muzaffar iterji,4.1425
condé parfum,4.14
esteban,4.14
laurence dumont,4.14
be layered,4.14
andromeda's curse,4.14
perfumer h,4.14
van cleef & arpels,4.14
roger & gallet,4.14
herdahl-thorsing,4.14
coqui coqui,4.14
roja dove,4.136666666666667
m. micallef,4.136666666666667
perris monte carlo,4.136666666666667
floris,4.134
givenchy,4.1325
cartier,4.13
lvnea,4.13
sonoma scent studio,4.13
nissaba,4.13
abdes salaam attars perfumes,4.13
bejar,4.13
lacoste fragrances,4.13
etro,4.13
b&b cosmetics,4.13
tom ford,4.13
profumum roma,4.13
henry jacques,4.128
maison francis kurkdjian,4.1274999999999995
bronnley,4.125
giorgio armani,4.12125
masque milano,4.12
the house of oud,4.12
i coloniali,4.12
svensk parfym,4.12
niki de saint phalle,4.12
otto kern,4.12
jehanne rigaud parfums,4.12
jar parfums,4.12
skandinavisk,4.12
f1 parfums,4.12
atelier materi,4.12
trish mcevoy,4.12
thin wild mercury,4.12
addison rae,4.12
salvatore ferragamo,4.12
ramon molvizar,4.12
sukimuki,4.115
la closerie des parfums,4.11
jupilò,4.11
arno sorel,4.11
hollister,4.11
mille centum parfums,4.11
bebe,4.11
tova beverly hills,4.11
parfum satori,4.11
solstice scents,4.11
cofinluxe,4.11
phebo,4.109999999999999
annayake,4.1066666666666665
attar al has,4.105
renee,4.1
a lab on fire,4.1
diana vreeland,4.1
essence de roumanie,4.1
bon parfumeur,4.1
masaki matsushima,4.1
tartine et chocolat,4.1
ach. brito,4.1
geo. f. trumper,4.1
hanae mori,4.1
harley davidson,4.1
detaille,4.1
baug sons,4.1
volnay,4.1
korres,4.095
puma,4.093333333333334
mary chess,4.09
jacoglu,4.09
hayari parfums,4.09
maison trudon,4.09
rihanna,4.09
women secret,4.09
afnan,4.083333333333333
tru fragrances,4.083333333333333
le monde gourmand,4.0825
project 1945,4.08
von eusersdorff,4.08
bésame cosmetics,4.08
succes de paris,4.08
bourjois,4.08
fleur de point,4.08
ex nihilo,4.08
blackbird,4.08
moresque,4.08
richard lüscher britos,4.08
jaguar,4.08
arte profumi,4.08
puccini paris,4.08
almah parfums 1948,4.075
arabian oud,4.074285714285714
parfums berdoues,4.073333333333333
empire fragrance,4.07
reminiscence,4.07
mario valentino,4.07
rastro,4.07
atelier flou,4.07
rouge bunny rouge,4.07
slumberhouse,4.07
mendittorosa,4.07
selena gomez,4.07
lorenzo villoresi,4.07
c.o.bigelow,4.07
fragonard,4.0675
zara,4.0653125
lomani,4.0649999999999995
west third brand,4.0649999999999995
eudora,4.064
abercrombie & fitch,4.0600000000000005
ostens,4.06
halston,4.06
frassai,4.06
rogue perfumery,4.06
lollia,4.06
comme des garcons,4.06
el ganso,4.06
aroma m,4.06
house of bō,4.06
diptyque,4.06
shiseido,4.056666666666667
valentino,4.055
hugo boss,4.055
victoria's secret,4.0505555555555555
o.u.i original unique individual,4.05
scotch & soda,4.05
a13,4.05
john varvatos,4.05
yves saint laurent,4.05
les abstraits,4.05
tokyo milk parfumerie curiosite,4.05
rochas,4.047499999999999
rasasi,4.04625
el nabil,4.045714285714285
miller harris,4.045
jean patou,4.045
natura,4.045
love & toast,4.045
kajal,4.045
miss kay,4.045
dsh perfumes,4.0408333333333335
mary kay,4.04
parfums ciro,4.04
grace de monaco,4.04
dr. vranjes firenze,4.04
grossmith,4.04
kuumba made,4.04
carolina herrera,4.038571428571428
arrogance,4.035
mistral,4.035
guerlain,4.035
carthusia,4.035
burberry,4.033333333333334
montana,4.033333333333333
michael malul london,4.03
l'erbolario,4.03
braccialini,4.03
proraso,4.03
escada,4.03
narciso rodriguez,4.029999999999999
january scent project,4.029999999999999
l'artisan parfumeur,4.0280000000000005
by kilian,4.026666666666667
farmacia ss. annunziata,4.025
al haramain perfumes,4.0227272727272725
making of cannes,4.02
boadicea the victorious,4.02
rituals,4.02
officina delle essenze,4.02
body fantasies,4.016666666666667
penhaligon's,4.01
parfume de vanille,4.01
ariana grande,4.01
so...?,4.01
the dua brand,4.01
voyages imaginaires,4.01
designers,4.01
monotheme venezia,4.008
keiko mecheri,4.0075
jo malone london,4.00625
voronoi,4.005
chanel,4.001428571428571
neandertal,4.0
barum parfum,4.0
betty boop,4.0
begim,4.0
vtxbts,4.0
nemat international,4.0
betty barclay,4.0
sweet essentials,4.0
the lab room,4.0
bahoma london,4.0
miglot,4.0
risingwave,4.0
museum parfums,4.0
alchimista,4.0
muelhens,4.0
alan bray,4.0
metascent,4.0
springfield,4.0
agua de baleares,4.0
agar aura,4.0
reserved,4.0
agallocha,4.0
aer scents,4.0
miss selfridge,4.0
acqua di montisola,4.0
acqua ai fiori di spello,4.0
rosemary,4.0
sorvella perfume,4.0
a wing & a prayer perfumes,4.0
matca,4.0
aman,4.0
babylon berlin,4.0
naomi campbell,4.0
b.ates,4.0
aubusson,4.0
lurk,4.0
attar. alma de perfume,4.0
atelier ulric fragrances,4.0
stéphanie de bruijn - parfum sur mesure,4.0
strega del castello,4.0
re classified re调香室,4.0
wit & west,4.0
step aboard,4.0
redwood alchemy,4.0
arabesque,4.0
aquaflor firenze,4.0
lanvin,4.0
worth,4.0
xponential boost,4.0
yanfroloff,4.0
marc joseph,4.0
world of jass,4.0
chiara boni,4.0
land of aahs,4.0
tonelli,4.0
pell wall perfumes,4.0
edward bess,4.0
perfumebox,4.0
jan barba,4.0
jardin de france,4.0
doctor sweet tooth,4.0
disney,4.0
di ser,4.0
jeremy lin,4.0
buvard.parfums,4.0
peter andre,4.0
trussardi,4.0
joanne bassett,4.0
johan b,4.0
nou,4.0
un monde nouveau,4.0
curionoir,4.0
crazylibellule and the poppies,4.0
courrèges,4.0
judith muller,4.0
judith williams,4.0
jacques battini,4.0
infinite she,4.0
julian rouas,4.0
inestasy,4.0
gilles cantuel,4.0
the master perfumer,4.0
george gina & lucy,4.0
ourige since douro,4.0
gallup perfume,4.0
hamidi oud & perfumes,4.0
the royal perfume,4.0
frederic haldimann,4.0
frais monde,4.0
henry rose,4.0
theme,4.0
thom browne,4.0
flora pura,4.0
orsay,4.0
thompson ferrier,4.0
honorine,4.0
farmasi,4.0
eyüp sabri tuncer,4.0
i profumi del marmo,4.0
evoy,4.0
esme rene,4.0
untitled,4.0
des filles a la vanille,4.0
contradictions in ilk,4.0
coastal carolina,4.0
khayali,4.0
pink mahoghany fragrances,4.0
kiotis,4.0
city,4.0
kpk parfum,4.0
kreolfleurage parfums,4.0
versailles,4.0
christian riese lassen,4.0
samouraï,4.0
l'amande,4.0
chevignon,4.0
sylvie de france,4.0
precious liquid,4.0
castelbajac,4.0
la fann,4.0
night de paris,4.0
carine roitfeld,4.0
café forgot,4.0
nicole miller,4.0
caesars world,4.0
next memory,4.0
tania bulhões,4.0
royal hawaiian,4.0
karen low,4.0
teatro fragranze uniche,4.0
valeria garcía,4.0
colabo,4.0
kaviar gauche,4.0
just scent,4.0
o boticário,3.9990909090909095
dorin,3.9974999999999996
the merchant of venice,3.996
yanbal,3.995
dame perfumery,3.99
j-scent,3.99
lorenzo pazzaglia,3.99
marks & spencer,3.986666666666667
axis,3.986666666666667
elizabeth arden,3.985
alkemia perfumes,3.9833333333333334
alex simone,3.98
the gate fragrances paris,3.98
battistoni,3.98
clean,3.98
moncler,3.98
lancaster,3.98
terry de gunzburg,3.98
in the box,3.98
karl lagerfeld,3.9724999999999997
paris elysees,3.9714285714285715
esprit,3.97
la maison de la vanille,3.97
fragrenza,3.97
bdk parfums,3.97
black phoenix alchemy lab,3.9683333333333337
marc jacobs,3.965
roccobarocco,3.9633333333333334
tiziana terenzi,3.9616666666666664
cindy crawford,3.96
coty,3.96
sarantis,3.96
the fragrance kitchen,3.956666666666667
fzotic,3.956666666666667
cuba paris,3.955
paris hilton,3.955
armaf,3.95375
aftelier,3.953333333333333
jil sander,3.9525
swiss arabian,3.9518181818181817
dolce&gabbana,3.95
jmp artisan perfumes,3.95
baruti,3.95
i profumi di firenze,3.9499999999999997
marbert,3.9499999999999997
h&m,3.9499999999999997
estée lauder,3.9475000000000002
elle,3.9450000000000003
dans un jardin,3.9433333333333334
delle grazie,3.94
jennifer aniston,3.94
todd oldham,3.94
maurer & wirtz,3.94
in astra,3.94
the healing garden,3.94
chopard,3.94
panouge,3.9375
frederic malle,3.9350000000000005
jovoy paris,3.935
donna karan,3.935
jovan,3.935
nakuna helsinki,3.9349999999999996
loewe,3.9333333333333336
ralph lauren,3.9333333333333336
rance 1795,3.93
a dozen roses,3.93
jeanne en provence,3.93
alfred dunhill,3.93
lelas,3.93
aéropostale,3.93
memo paris,3.9275
benetton,3.9274999999999998
nejma,3.925
amouage,3.9240000000000004
les parfums de rosine,3.9233333333333333
womo,3.92
tocca,3.92
brecourt,3.92
bottega veneta,3.92
fruttini,3.92
gallagher fragrances,3.92
jazmin sarai,3.92
alyssa ashley,3.92
katy perry,3.92
philosophy,3.92
costume national,3.92
yntenzo,3.92
tous,3.92
artimique,3.915
rudy profumi,3.915
d’antol’ parfums,3.915
avon,3.9110416666666663
koto parfums,3.91
jacques fath,3.91
oliver & co.,3.91
olfattology,3.91
nike,3.91
impulse,3.91
pantheon roma,3.91
nina ricci,3.91
ramón béjar,3.91
toni gard,3.91
davidoff,3.9066666666666667
house of sillage,3.9066666666666663
parfums et senteurs du pays basque,3.9066666666666663
molton brown,3.9050000000000002
boucheron,3.905
mugler,3.9033333333333338
ajmal,3.9009090909090904
the 7 virtues,3.9
baldessarini,3.9
montblanc,3.9
aura of kazakhstan,3.9
carrement belle,3.9
filippo sorcinelli,3.9
popy moreni,3.9
stradivarius,3.9
christian louboutin,3.9
ferrari,3.8980000000000006
laboratorio olfattivo,3.895
lattafa perfumes,3.891666666666667
quem disse berenice,3.89
eisenberg,3.89
charriol,3.89
chatillon lux parfums,3.89
vera wang,3.89
nougat,3.89
the body shop,3.89
alessandro dell' acqua,3.89
reflexion,3.89
abel,3.89
label,3.89
clinique,3.89
frederic m,3.8899999999999997
s.oliver,3.886
nature's,3.885
orientica,3.8800000000000003
agent provocateur,3.8800000000000003
fort & manle,3.88
playboy,3.88
i profumi di d'annunzio,3.88
barbie,3.88
sue wong,3.88
etienne aigner,3.88
ermanno scervino,3.88
the organic pharmacy,3.88
le labo,3.875
lalique,3.872
yosh,3.87
molinard,3.86625
hermetica,3.865
calgon,3.8600000000000003
pacifica,3.86
mel merio,3.86
kkw fragrance,3.86
pozzo di borgo,3.86
omerta,3.86
natalie,3.86
dfg1924,3.86
derbe,3.86
james heeley,3.86
salon de nevaeh,3.86
calvin klein,3.855
fueguia 1833,3.85
roberto cavalli,3.85
jack black,3.85
louis vuitton,3.85
maison matine,3.85
lipsy,3.85
simone andreoli,3.8449999999999998
gritti,3.8449999999999998
commodity,3.8449999999999998
issey miyake,3.84
superz.,3.84
cb i hate perfume,3.84
jean charles brosseau,3.84
nicole polizzi,3.84
michael jordan,3.84
celine dion,3.84
omanluxury,3.84
mercedes-benz,3.84
byblos,3.84
kenzo,3.8372727272727274
la perla,3.835
parfums genty,3.835
byredo,3.835
yardley,3.8333333333333335
star trek,3.83
pentalogies,3.83
d'otto,3.83
sja perfumes,3.83
ideo parfumeurs,3.83
l’occitane au brésil,3.83
lily lambert,3.83
sabon,3.83
jul et mad paris,3.83
wild drops parfums,3.83
adopt' by reserve naturelle,3.825
fendi,3.825
for or to,3.823333333333333
mancera,3.8225
adidas,3.8200000000000003
michael kors,3.82
santa eulalia,3.82
elode,3.82
s.t. dupont,3.82
histoires de parfums,3.82
parfum bar,3.82
hummer,3.82
olivier durbano,3.82
ganache parfums,3.815
caron,3.813333333333333
mcmc fragrances,3.81
miguel matos,3.8049999999999997
jorum studio,3.8033333333333332
ramon monegal,3.8
acqua di parma,3.8
pomellato,3.8
hope fragrances,3.8
paradis des sens,3.8
les sens de marrakech,3.8
corine de farme,3.8
scent trunk,3.8
stella & dustin,3.8
juliana paes,3.8
louis varel,3.8
ds&durga,3.796666666666667
jivago,3.79
wakeheart,3.79
grès,3.79
la fleur by livvy,3.79
robbie vangogh,3.785
oriflame,3.7844444444444445
dilís parfum,3.782857142857143
alexandre.j,3.7824999999999998
jeanne arthes,3.78125
revlon,3.7800000000000002
jimmy choo,3.78
outremer,3.78
junaid perfumes,3.78
zoologist perfumes,3.775
smell bent,3.7733333333333334
floral street,3.77
montale,3.77
once,3.77
gabriela sabatini,3.77
bijan,3.77
biotherm,3.77
pupa,3.76
zirh,3.76
abaco paris,3.76
the harmonist,3.76
wienerblut,3.76
myrurgia,3.76
profumi del forte,3.76
sylvaine delacourte,3.76
id parfums,3.76
maori collection,3.755
sephora,3.7533333333333334
ys-uzac,3.75
zents,3.75
ningen parfums,3.75
jennifer lopez,3.75
nino amaddeo,3.75
jacques evard,3.75
sapientiae niche,3.75
cathy guetta,3.75
dhamma perfumes,3.75
poesie,3.75
elie saab,3.75
chapel factory,3.75
timothy han edition perfumes,3.75
chantal thomass,3.75
provence & nature,3.75
bond no 9,3.7483333333333335
lonkoom parfum,3.7466666666666666
tommy bahama,3.745
rag & bone,3.745
navitus parfums,3.745
azagury,3.74
new yorker,3.74
bybozo,3.74
floraïku,3.74
al ambra,3.73
tonino lamborghini,3.73
american eagle,3.73
sélection excellence,3.725
aquolina,3.725
lush,3.7249999999999996
serge lutens,3.723333333333333
la rive,3.72
maher olfactive,3.72
comptoir sud pacifique,3.7199999999999998
etat libre d'orange,3.715
imaginary authors,3.715
anima mundi,3.71
madonna,3.71
maison incens,3.71
tom tailor,3.71
royal crown,3.71
versace,3.705
ulric de varens,3.705
yves rocher,3.7
via paris parfums,3.7
teo cabanel,3.7
kristel saint martin,3.7
roberto verino,3.7
boy smells,3.7
nuancielo,3.7
essence,3.7
salvador dali,3.6999999999999997
shirley may,3.695
nishane,3.69
mexx,3.6849999999999996
paco rabanne,3.68
carlotha ray,3.68
choix,3.68
jean poivre,3.68
kerosene,3.68
lulu castagnette,3.68
intimacy,3.68
nobile 1942,3.67
tan giudicelli,3.67
fugazzi,3.67
florescent,3.67
parfums elite,3.67
fulton & roark,3.67
panama 1924,3.67
bjorn borg,3.67
aromatic families,3.67
clement b,3.67
thalia sodi,3.67
mirato,3.67
mabra parfums,3.67
swedoft,3.67
swiss guard,3.67
fomo,3.67
tonatto profumi,3.67
nutrimetics,3.665
sergio nero,3.665
ciel parfum,3.665
zadig & voltaire,3.66
dana,3.66
missoni,3.66
min new york,3.6450000000000005
les liquides imaginaires,3.645
attar collection,3.635
jay z,3.635
axe,3.633333333333333
sammarco,3.63
demeter fragrance,3.622727272727273
vilhelm parfumerie,3.6225
elvis jesus,3.62
one of those,3.62
angela ciampagna,3.62
wide society,3.62
sage machado,3.62
tufi duek,3.6199999999999997
ann summers,3.6
voluspa,3.6
kanøn,3.6
jacques esterel,3.6
moodeaux,3.6
eon productions,3.6
chris adams,3.6
eaux parfums,3.6
glasshouse,3.59
astrophil & stella,3.59
diesel,3.59
al battash concepts,3.585
maria candida gentile,3.58
april aromatics,3.58
philly&phill,3.58
viktor&rolf,3.58
ana hickmann,3.58
woudacieux haute parfumerie,3.57
mayme?,3.57
voila du joli,3.57
pacoma,3.57
prince,3.57
angel schlesser,3.5666666666666664
hinode,3.5625
omnia profumi,3.56
arielle shoshana,3.56
fiilit,3.56
alysonoldoini,3.55
confessions of a rebel,3.55
gallivant,3.55
victorinox swiss army,3.54
noème,3.54
remy latour,3.53
simimi,3.52
derek lam 10 crosby,3.51
mac,3.51
cnr create,3.505
les essentiels,3.5
roxana illuminated perfume,3.5
royal apothic,3.5
nickel,3.5
maison sybarite,3.5
café de parfum,3.5
acidica perfumes,3.5
reserva,3.5
saint charles shave,3.5
alûstre,3.5
ascania,3.5
parfums constantine,3.5
sensor i am,3.5
bentley,3.5
olivares & ribero,3.5
serious skin care,3.5
corps volatils,3.5
converse,3.5
majouri,3.5
custo barcelona,3.5
cupid perfumes,3.5
croatian perfume house,3.5
imperial parfums,3.5
condensé paris,3.5
van gils,3.4850000000000003
beach geeza,3.48
kenneth cole,3.48
tory burch,3.48
absolument parfumeur,3.48
chabaud maison de parfum,3.48
faberlic,3.4771428571428573
connock london,3.47
pull & bear,3.47
raw spirit fragrances,3.465
água de cheiro,3.4575
tsvga parfums,3.45
emilio pucci,3.44
laila bagge,3.44
tiens,3.44
acqua di stresa,3.43
hardwell,3.43
p1,3.43
pastor fragrances,3.4299999999999997
pacha ibiza,3.42
siordia parfums,3.415
yves de sistelle,3.415
scents of wood,3.41
moods of norway,3.4
bjork and berries,3.39
kamila robinson,3.39
nasomatto,3.3899999999999997
phlur,3.38
police,3.38
savour,3.36
nomaterra,3.36
maïssa parfums,3.3449999999999998
miraculum,3.34
brocard,3.3366666666666664
charrier parfums,3.33
l'erboristica,3.33
esse strikes the notes,3.33
alexandra gluck,3.33
amira parfums,3.33
duquesa de medinaceli,3.33
niyo&co,3.33
valeur absolue,3.33
sueño,3.32
tommy hilfiger,3.32
jessica simpson,3.31
thera cosméticos,3.3
antinomie,3.3
antonio miro,3.29
galimard,3.27
la martina,3.2649999999999997
olympic orchids artisan perfumes,3.26
plangui parfumeur,3.25
ninel perfume,3.25
pineward perfumes,3.25
new brand parfums,3.25
saint hilaire,3.25
nbitor,3.25
suhad perfumes,3.25
bershka,3.25
atum,3.25
franck boclet,3.25
toskovat',3.23
rodin olio lusso,3.23
novellista,3.2249999999999996
franck olivier,3.21
abbott new york city,3.2
cristiano ronaldo,3.2
tallulah jane,3.2
neil morris,3.186666666666667
fragrance du bois,3.18
symétrie,3.18
akro,3.18
samy andraus fragrances,3.1799999999999997
beauty pie,3.17
the cotswold perfumery,3.165
thipos,3.125
cristina ferreira,3.1
flavia,3.09
altra,3.08
pierre balmain,3.0700000000000003
fakoshima,3.05
ricardo ramos perfumes de autor,3.013333333333333
sarah horowitz parfums,3.0
john ashwood,3.0
tipton charles,3.0
ahmed mahsoub karizma,3.0
emmanuel levain,3.0
le chatelard 1802,3.0
elegantes,3.0
ein gedi,3.0
beary,3.0
little marcel,3.0
capsule parfums,3.0
steve madden,3.0
ne'emah for fragrance & oudh,3.0
caswell massey,3.0
place des lices,3.0
hilde soliani,2.9599999999999995
princesse marina de bourbon,2.9566666666666666
khalis,2.95
aromas de salazar,2.94
il profumiere,2.9333333333333336
darling*,2.89
pitbull,2.89
mypa,2.83
shilpa shetty,2.79
head,2.75
persifleur,2.75
claude marsal parfums,2.75
all good scents,2.723333333333333
linn young,2.67
code deco,2.67
maison laugier,2.67
fruits & passion,2.67
apple parfums,2.5
davene,2.5
nocibé,2.45
jacques zolty,2.395
soul of russia,2.37
adi ale van,2.33
dailus lab,2.33
my alchemy,2.33
quearmé,2.22
yodeyma,2.11
parade of stars,2.0
masik collegiate fragrances,2.0
cindy c.,2.0
nabeel,2.0
expand,2.0
compagnie de provence,2.0
dunlop,2.0
locherber milano,2.0
monolab,1.5
pisello parfum,1.0
le parfum citoyen,1.0
all your personal aroma,1.0
kerzon paris,1.0
ghandour,1.0
vlh,1.0
azalea parfums,1.0
a bathing ape,
a beautiful life brands,
a la façon london,
a la lune,
a la russe,
a perfume organic,
a'pieu,
a-chromiq,
a. n. other,
a.b.r. barlach,
a.p. durand parfums,
aap perfumes,
ab 1882,
ab boutique,
abaton,
abd malik,
abelha rainha,
abinoam,
above,
abu haashir perfumes,
abu zari fragrances,
acca kappa,
accendis,
accessorize,
acqua alpes,
acqua degli dei,
acqua del garda,
acqua dell elba,
acqua delle langhe,
acqua di baviera,
acqua di capri,
acqua di firenze,
acqua di genova,
acqua di noto,
acqua di porto cervo,
acqua di portofino,
acqua di portokali,
acqua di praga,
acqua di sardegna,
acqua di siracusa,
acqua novara,
acqua reale,
acque di italia,
activessence,
adam,
adam levine,
adam powell,
adamo parfum,
addiction,
addy van den krommenacker,
aden parfum,
adjiumi,
adleen haute parfumerie,
adnan b.,
adolfo dominguez,
adolfo fragrances,
adr extrait de parfum,
adriana karembeu,
adrien arpel,
adrienne vittadini,
adscenture,
adyan,
aedes de venustas,
aemium,
aeon,
aerin lauder,
aesop,
aether,
aether arts perfume,
affinessence,
affliction,
agarscents bazaar,
agarthi,
agatha,
agatha paris,
agatha ruiz de la prada,
agatho parfum,
agnes b,
agonist,
agua de sevilla,
agua de surf,
aguas de colonia sanborns,
agustin davila,
agustin reyes,
ahmed al maghribi,
ailes des anges,
aimee de mars parfums,
air & weather,
airness,
aisha perfumes by neide albano,
ak france,
aknaf,
akon,
akparfume,
al attar,
al battash classic,
al battash luxury,
al hunaidi,
al wataniah,
al zahra,
al-jazeera perfumes,
al-kindi,
aladé,
alaia paris,
alain daniel,
alain delon,
alanqoudi parfums,
alaska thunderfuck,
albert nipon,
alberta ferretti,
alchemist,
aldakheel oud,
aldo,
alejandro sanz,
alen mak,
alena seredova,
alendor perfumes,
alesha dixon,
alessandro,
alessandro della torre,
alex curran,
alex+,
alexa lixfeld,
alexander,
alexander julian,
alexandre barthet,
alexandre marc,
alexx and anton,
alfa romeo perfumes,
alfaparf milano,
alfaroma,
alford & hoff,
alfred lane,
alfred ritchy,
alfred sung,
alguien,
alice & peter,
alicia milor,
alkindus fragrances,
alla pugacheva,
allegri,
allegro parfum,
alliance,
allison,
allsaints,
alma da comporta,
alma de canarias,
almiscan,
aloha beauty,
aloha senses,
alsayad,
alt-innsbruck,
alt. fragrances,
alta manifattura cosmetica,
alta moda,
altaia,
altern essence perfume,
alurent,
alverde,
alviero martini,
alye parusa,
amacyn,
amaffi perfume house,
amanda lepore,
amaranthvs,
amarsi fragrances,
amazing creation,
amazonia viva,
amber oud,
amberfig,
ambregris,
amelgo,
amelia perfumes,
amer perfumes,
american beauty,
american crew,
american idol,
american perfumer,
america’s next top model,
amerigo,
amirage,
amirius,
amjad,
amordad,
amoud parfum,
amouroud,
amuà,
amy childs,
amygdala,
ana rosa,
ana salazar,
anamor,
anastacia,
anastasia denisenkova,
anat fritz,
anatole lebreton,
anatoline,
anconu,
andraus parfums,
andre d'archer,
andre sinan,
andrea maack,
andree putman,
andres croxatto,
andy warhol,
anec. perfumery,
anecdote,
anfas,
anfasic dokhoon,
angelique paris,
angelo caroli,
angelo sanzio,
anglia perfumery,
anicka yi & maggie peng,
anima vinci,
animale,
anine bing,
aniu de la baie,
anja rubik,
anjali perfumes,
anka kuş parfüm,
ann demeulemeester,
ann gerard,
ann steeger,
ann taylor,
ann-margret,
anna borisova parfum,
anna dello russo,
anna inspiring jewelry,
anna paghera,
anna pegova,
anna sui,
anna vakhitova perfumes,
annabella,
anne de cassignac,
anne fontaine,
anne möller,
anne pliska,
anne rose profumalchemico,
anne-krystel,
annemarie börlind,
annette neuffer,
annie oakley,
annika sorenstam,
anno 1555,
anomalia paris,
anonim,
another place,
anthologie by lucien ferrero maitre parfumeur,
anthony embry,
anthony hopkins,
anthony logistics,
anthousa,
anthropologie,
antica barbieria colla,
antica erboristeria e spezieria san simone,
antica farmacista,
antiga barbearia de bairro,
antiqua firenze,
antoine & lili,
antonia fontenelle,
antonia's flowers,
antonija šola,
antonio alessandria,
antonio croce,
antonio fusco,
antonio maretti,
antonio puig,
antonio rossini,
antos cosmesi naturale,
anu essentials,
anya's garden,
apivita,
apolis,
apoteker tepe,
apotheca,
apothia,
apple beauty,
appuntamento con... i profumi,
aqaba,
aqua di jesolo,
aqua di ponza,
aqua dos açores atlantic ocean,
aqua perfume atelier,
aqua rwanda,
aquaflor,
aqualis,
arabesque perfumes,
arabian wind,
arabiyat,
araxi parfum,
arcadia,
arcana wildcraft,
archetypes,
argentum,
argos,
ariana & evans,
ariane inden,
aristocrazy,
arkadia sabores y aromas de autor,
arket,
armand basi,
arnaud,
arnott's tim tam,
aroma d'anima,
aroma essence,
aroma karelia,
aromaflage,
aromag,
aromaso,
aromata mirabilia,
aromatherapy associates,
aromatica,
aromatologic,
aromática cosméticos,
arquiste,
arran aromatics,
arrogant cat,
ars mirabile,
art & parfum,
art meets art,
art of scent - swiss perfumes,
art perfume,
artal perfumes,
artalep,
artemis of switzerland,
artemisia natural perfume,
arteolfatto,
artis,
artistry,
arts&scents,
arty fragrance by elisabeth de feydeau,
arve,
asdaaf,
ashley roberts,
ashley stewart,
asia perfumes,
askett & english,
asklöv,
asprey london,
assaf,
astier de villatte,
astrid,
atelier bloem,
atelier cambon,
atelier cologne,
atelier d'artistes by alexandre.j,
atelier de geste,
atelier des ors,
atelier no. 7 erika gualtieri,
atelier oblique,
atelier pmp,
atelier vesper,
athena fragrances,
ativos naturais,
atkinsons,
atmysphere,
aton,
atrium fragrance,
attirance,
atyab al marshoud,
au pays de la fleur d’oranger,
aubade,
auguste,
augustina,
aulentissima,
aura,
aura perfume,
auric blends,
aurora borealis,
aurora par charles wong,
aurora scents,
aus liebe zum duft,
ausmane paris,
austin reed,
austin young,
autentica di felsina,
autobiography,
automobili lamborghini,
autre parfum,
avant-garden lab,
aveda,
avellaneda perfumes,
aventuur,
avere la barba,
avgerinos,
avril,
avril lavigne,
ayliroma,
ayuna,
ayura,
azaleo,
azheroud,
aziza world fragrances,
azman,
azteque,
b fragranced,
b never too busy to be beautiful,
b. bungalow,
b.a.s.m. by createur 5 d’emotions,
b96,
babs creations,
baby magic,
babēl,
baccarat,
bachs,
bacon,
badefee,
badgley mischka,
bagirro,
bahfamsn fragrance,
bait al bakhoor,
baldi,
baldinini,
balint parfums,
ballistic therapy,
balma venitia,
balr.,
balsina,
bamford,
bamotte,
bana,
banafa for oud,
banana republic,
baratti,
barba brasil,
barbara bui,
barbara orbison,
barberry coast shave co.,
barbour,
barneys new york,
baron bishop parfums,
baron joe,
barrister and mann,
baruel,
basile,
bastide aix en provence,
bastille parfums,
bath house,
batman,
bau,
baxter of california,
baywatch,
be soliflore,
be style perfumes,
be. colonias,
beafrag,
beau kwon,
beaufort london,
beaute marketing inc,
beautimatic,
beauty brand development,
beautydrugs,
becker.eshaya,
bedeaux,
beekman 1802,
being frenshe,
bel rebel,
belif,
belinda brown,
bella aura,
bella bellissima,
bella freud,
bellagio,
bellegance perfumes,
bellekin,
belsans,
ben bridge,
ben sherman,
benamôr,
bench.,
bench/ph,
benefit,
benigna parfums,
bennie,
bensimon,
benta berry,
bepolar,
berceuse parfum,
berkeley square,
bernard dimitri,
bernard lalande,
bernd berger,
beso beach perfumes,
best company,
besties,
bestseller,
betsey johnson,
bettina barty,
beverly hills 90210,
beverly hills beauty,
beverly hills polo club,
bex london,
beyonce,
bha's fragrance boutique limited,
bharara,
bi-es,
bibliothèque de parfum,
biehl parfumkunstwerke,
bien-etre,
bienaimé,
bill blass,
billie eilish,
billy jealousy,
billyxclub,
bin khadim,
binet-papillon,
biocos,
biography scents of self,
bioléanes,
bionike,
biosea,
bioselect,
bissoumine,
bitty bettys,
bjô perfumes,
bk perfume,
black belt fragrances,
black paw,
black rabbit,
black up,
black widow,
blackcliff parfums,
blackglama,
blak,
blauer,
blend oud,
bleulight,
bliss,
blk dnm,
blocenor,
blocki,
blood concept,
blu atlas,
blue pollack,
blue q,
blumarine,
blöke,
bob mackie,
bobbi brown,
bobby jones,
bocca felice,
bode studios,
bodevoke,
body conjure,
bodycology,
boellis,
bogue,
bohdidharma,
boheme chic,
boho,
bohoboco,
bois 1920,
bois richeux,
boitown 冰希黎,
bolgherello,
bombay perfumery,
bombay sapphire,
bonny doon farm,
bonpoint,
boot boyz,
boots,
borbonese,
borghese,
boring company,
boris bidjan saberi,
borntostandout®,
borotalco,
borouj,
borsalino,
bortnikoff,
boston proper,
botanicae,
botanique,
botanyc,
bottega del profumo,
bottega profumiera,
boudicca,
bouge,
boujee bougies,
bourbon french parfums,
boutique perfumery,
bovet,
boyd's of texas,
bozzini,
bramasole,
brand no more,
brandalised,
brandy parfums,
breil milano,
brera6 perfumes,
briard,
brilliant italy,
brioni,
british sterling cologne,
broken anatomy perfumes,
brooklyn perfume company,
brooklyn soap company,
brooksfield,
brown girl jane,
bruce darnell,
bruce labruce,
bruce oldfield,
brunello cucinelli,
bruno acampora,
bruno banani,
bruno perrucci parfums,
brut parfums prestige,
brûmée,
bsx,
bugatti,
bugatti fashion,
bulgarian rose,
buly 1803,
bunkface,
burdin,
burt's bees,
bushklawz,
by / rosie jane,
by bobo,
by cloud,
by far,
by kaori,
by maya karin,
by shaik,
by yan froloff & valery mikhalitcyn,
byron parfums,
bytwo,
bz parfums,
böser kater,
c&a,
cacau show,
cadillac,
cadèle paris,
cafe parfums,
caia,
calaj,
caldrea,
cale fragranze d’autore,
cali blue,
callaghan,
callisto,
calum best,
calypso st. barth,
calzedonia,
camp beverly hills,
campos de ibiza,
can carlos,
canali,
candie's,
candora,
canmake,
canoe,
canvas & concrete,
captain fawcett's,
caravane,
care,
caribbean joe,
carita,
carl kling parfums,
carla bulgaria roses beauty,
carla fracci,
carlen parfums,
carlo colucci,
carlos santana,
carmen electra,
carner barcelona,
carnet de vol,
carol's daughter,
carolina gynning,
caroll,
carpentieri profumi,
carrera,
carrera jeans parfums,
carroten,
carta,
carven,
casa de coca,
casa invidia,
castelbel,
castello di ama,
castle forbes,
cathay pacific airways,
catherine deneuve,
catherine lara,
catherine malandrino,
cathy carden,
catie's bubbles,
cattier,
cavalera,
cave,
celebon,
celine,
celine leora,
cellcosmet,
celuí,
centauri perfumes,
centurion parfums,
cerchi nell’acqua,
ceremonia,
cereus,
cesare paciotti,
cffc fragrances,
chabrawichi,
chacok,
chamma da amazônia,
champagne,
chanceux parfum,
chantecaille,
chantelle,
char-zillya,
charenton macerations,
charles de beaune,
charles jourdan,
charles revson,
charli d'amelio,
charlotte meentzen,
charlotte russe,
charlotte tilbury,
charme essência,
chasing scents,
chateau berger,
chaugan,
chaumet,
chaz dean,
cher,
cher lloyd,
cheri milaney,
cherigan,
cheryl,
chi,
chi chi,
chiemsee,
chipie,
chiò skin care,
chocolate crave perfume,
chopin perfumes,
chris collins,
christian audigier,
christian lacroix,
christian provenzano parfums,
christian richard,
christian siriano,
christian tortu,
christina aguilera,
christine darvin,
christine lavoisier parfums,
christophe guillarme,
christopher chronis,
christopher colvmbvs,
christopher dicas,
christopher hanlon,
christopher joseph,
christy organics,
christèle jacquemin,
chronotope,
chupa chups,
chypron,
ciatu - soul of sicily,
ciclo cosméticos,
cigar,
cigno nero,
cinch,
cindy adams,
cinematic infusions,
cinnamon projects,
cinq mondes,
cioccolato mon amour,
city rhythm,
claire commeau,
clairvoyant beauty,
clarins,
clash,
class,
claude andre hebert,
claudia scattolini,
claudio cutuli parfums,
claudio la viola,
claudio zucca parfums,
claus porto,
clayeux,
cliff richard,
cliven,
clogau,
coastal fragrance,
cochine,
coco de mer cosmetics,
cocoon,
coeur d’esprit natural perfumes,
cognoscenti,
coisy b.,
colcci,
coleen rooney,
colekt,
colish,
collect & bottle,
collesi,
collines de provence,
collistar,
cologne-zation,
comma,
como lake,
compagnie royale,
companhia da terra,
comporta perfumes,
comptoir cologne,
contes de parfums,
contém 1g,
coolife,
coppeneur,
coral,
coral perfumes,
corday,
corinne cobson,
corniche d'or,
corsica essences,
coryse salomé,
cosme decorte,
cosmic earth wellness,
cosmogony,
cosmopolitan,
costa brazil,
costamor,
costes,
cottoncake,
coup de coeur,
courvoisier cognac,
cousu de fil blanc,
couteau de poche,
cowshed,
coyotl,
cr7,
cra-yon,
crabtree & evelyn,
crea parfums,
createur mare,
createurs cosmetiques,
creation lamis,
creative universe beth terry,
creed,
cremo,
creso,
crimean rose – крымская роза,
criminal elements,
cristian cavagna,
cristiana bellodi,
cristiano fissore,
cristóbal,
crop,
crow,
crusellas & company,
crystal parfum,
crystal water,
cuarzo signature,
cult 51,
cult for,
cult of scent,
culti,
curata,
cussons,
cutterman co.,
cuvée beauty,
cvs essence of beauty,
cynthia rowley,
cyzone,
czar,
czarna mamba,
czech & speake,
câline,
d''ram,
d.grayi,
d.r.harris,
d:sol mmxvi,
daddy yankee,
daichun lin 戴春林,
dalegerard,
daly beauty,
damien bash,
dana buchman,
dana savuica,
daniel barros,
daniel de fasson,
daniel hechter,
daniel jouvance,
daniel vaudd,
daniela katzenberger,
danielle steel,
danijela martinovic,
danny seo,
dar al oud,
dar alhanouf,
dar hamad perfumes,
darkbeat parfums,
darkwood forest,
darphin,
dasa concept store,
dasein,
dashu,
david beckham,
david bustamante,
david garrett,
david haris,
david jourquin,
david liss parfums,
david naman,
david thibaud-bourahla,
david yurman,
david’s perfume by david dobrik,
day three,
de bijenkorf,
de dallad perfumes olfactive galleries,
de leon,
de rauch,
dear diary,
death of the night,
debaucherous bath,
dechkotzar,
deck of scarlet,
decleor,
deco,
deco london,
decorum stockholm,
decotto di neve,
dedcool,
dedè arte profumata,
defacto,
defineme,
delarom,
delikad,
delta goodrem,
demer parfum limited,
denenes,
denim,
denis simachev,
denise richards,
dennis basso,
der duft,
deraah private,
dermika,
desigual,
destino paris,
devota & lomba,
di palomo,
diadema exclusif,
diana ross,
diane pernet,
diane von furstenberg,
dianne brill cosmetics,
dieter bohlen,
dime beauty,
dina cosmetics,
dirk bikkembergs,
discovery perfumes,
disney jasmine collection by sephora,
distillery series,
dita von teese,
divage,
divina terra,
divine,
diwan,
dixit & zak,
dkhoon emirates,
dl & co,
do brasil,
docteur renaud,
dofta,
dog generation,
dolce fiore,
dolly parton,
dolomites,
domaine prive parfums,
domenico caraceni,
dominican perfumes,
don algodon,
donatella pecci blunt,
donbablic,
dora the explorer,
dorissima,
dosis fragrances,
dossage,
dossier,
dotti,
doubledragon,
doubleyou,
douglas,
dove,
dr nicholas perricone,
dr. grandel,
dr. squatch,
dr. taffi,
dragon parfums,
dralle,
dries van noten,
drift parfum de terre,
dsquared²,
ducati,
duccio pasolini parfums,
duchessa di parma,
duerr's,
dynamite,
dynasty,
e-suitcase,
e. coudray,
e. marinella,
e.g.o,
e/4 fragrance,
eadward fragrances,
early modern,
east nights,
eastory,
eastwest bottlers,
eat.sweat.undress.,
eau contemporaine,
eau d'italie,
eau de dubai,
eau de nous,
eau de soie,
eau de space,
eau de tihany,
eau.mg,
eauso vert,
ebk,
ecarlou 露嘉伊,
eclectic collections,
ecoparfum,
ecrin,
ecstopia,
ecuación natural,
ed pinaud,
eddie bauer,
eddy ford beverly hills,
eden classic,
eden park,
edenbridge,
edeniste,
edens garden,
edgardio chilini,
edge,
editions m. r.,
efva attling,
eglė jonaitytė botanical perfumes,
egofacto,
egon von furstenberg,
eight & bob,
eighteen fifty parfums,
eila,
el agua viva perfume,
el charro,
elanzia,
elaïo,
electimuss,
elemis,
elen'a parfum,
elie tahari,
elisire,
elixir attar,
elixir signature scents,
elixirs of eden,
elizabeth and james,
elizabeth taylor,
elizabeth w,
ella k parfums,
ella mikao,
ellen betrix,
ellen dahlgren perfumes,
ellen tracy,
ellie perfume,
ellis brooklyn,
elorea | 향수,
elsha,
elternhaus,
elysees fashion,
elysium,
emanuel ungaro,
embrace perfume,
emil elise,
emilio schuberth,
emina jahovic,
eminence parfums,
emma s.,
emmanuelle khanh,
emoji,
emozioni fragrances,
emporio body store,
emporium,
en voyage perfumes,
engelsrufer,
english laundry,
english leather,
enrique iglesias,
ensoie,
entre filles,
eolie parfums,
epc experimental perfume club,
ephemera by unsound,
ephemeral dyadic,
epicò,
equality. fragrances,
erbario toscano,
erboristeria magentina,
eric buterbaugh florals,
erica elizabeth designs,
erik kormann,
eris parfums,
ermenegildo zegna,
ermetiche fragranze,
erno laszlo,
eroma perfumes,
erox,
erreuno,
ervin viner,
esencia de lanzarote,
esensielle,
esperienze olfattive,
esprit de versailles,
esquisse parfum,
essence of chi,
essensitive,
essentia puglia,
essential faith,
essential parfums,
essenza,
essenzialmente laura,
essência di fiori,
essências da floresta,
estevan parfums,
estevia parfum,
esthederm,
esther p,
estoras,
etam,
eterea cosmesi,
eternal journey,
eternel gentleman,
etienne barre,
etry,
eugénio campos,
euphorium brooklyn,
eurolux,
eutopie,
eva longoria,
eve & daphnee,
everyday,
everything pink!,
evidens de beaute,
evocative perfumes,
evody parfums,
evterpa,
evum,
evyan,
ex floribus vinis,
ex idolo,
ex voto,
exaltatum,
excelsis,
exceptional parfums,
exclussivo parfums,
executive shaving,
experimental perfume club,
exte,
exteta,
extra virgo,
extrait d'atelier,
extraitordinaire by createur 5 d’emotions,
exuma parfums,
f. millot,
f.prochaska,
faan,
fab.,
fabbrica della musa,
fabi,
fabio lococo,
fabyoulous,
facetheory,
fair parfum,
faith hill,
falconeri,
familia familia,
fanette,
fang aromatherapy,
fantasy community perfumes,
farfalla,
farina,
farmhouse fresh,
fatima lopes,
faviol seferi,
favorit & co,
fazaya,
façon parfums,
façonnable,
fc barcelona,
fcuk,
federico cantelli exclusive collection,
federico fumo,
federico griffi,
feel oud,
feito brasil,
feli perfumes,
felisa,
fellah paris,
feminista,
fenjal,
fenty,
fernanda brandao,
fernanda | フェルナンダ,
ferrioni,
fessalonika,
ffern,
fiat 500,
fiele fragrances,
fifa world cup qatar 2022 perfumes,
fifi chachnil,
fiji rugby,
fijian drua perfumes,
fila,
find your happy place,
fine accoutrements,
fine fragrances & cosmetics,
fine'ry.,
finn & co.,
fiolas,
first edition,
fitzgerald and guislain,
fleur de cafe,
fleur de sante,
fleur fragrance,
fleurage,
flirt!,
florascent,
floratropia,
florena,
florence,
florian,
flormar,
flower drew barrymore,
flâner,
fn by fn,
fo'ah,
foamous,
folkwinds,
folli follie,
for kings & queens by korres,
for the scent of it,
forager botanicals,
forever florals hawaii,
forment,
formosa,
forum perfumes,
fossil,
fouquet's,
fragancias cannon,
fragments by nvc,
fragram gramado,
fragrance 42,
fragrance one,
fragrance republic,
fragrance with benefits,
fragrances for life,
fragrances of wine,
fragrantia secrets,
fragrifert parfumeur,
frama,
franca ferretti,
frances denney,
francesca bianchi,
francesca dell'oro,
francesca's,
francesco smalto,
francesco vitelli perfumes,
francois deli,
frank govers,
frank los angeles,
frankie garage,
frankie morello,
frapin,
fray ardens,
frazer parfum,
fred hayman,
fred segal,
freddie albrighton,
frederic fekkai,
frederick's of hollywood,
frederico parfums,
freeshape milano,
french attitude,
fresh,
frida kahlo perfumes,
friedemodin,
friendly fur,
friendly hunting,
frilly lilly,
frost,
frostbland,
fubu,
fuller cosmetics®,
fun & basics,
furla,
fwieha fragranza ta'malta,
féret parfumeur,
förster and johnsen,
fūm,
g-nose perfumes,
g. bellini,
g. nejman,
gabar,
gabi demartino,
gabriel et valentin,
gabriella antosh,
gah! freetobeyou,
gai mattiolo,
gainsboro,
galanos,
galavant,
gale hayman,
galerie des sens,
galerie noemie,
galleria parfums,
game of thrones,
gamine,
gammon,
gandini 1896,
gant,
gap,
garage,
garden botanika,
gas,
gas bijoux,
gather perfume,
gatsby,
gattinoni,
gcb parfums,
geicher,
geir ness,
gelle freres,
gemina b.,
genderfluid,
genny,
gentlemen's tonic,
genyum,
geoffrey beene,
george kordahi,
georges rech,
georges stahl,
geparlys parfums,
gerani,
gerard monet parfums,
gerini,
germaine de capuccini,
germaine monteil,
gerry weber,
ghalati,
ghawali,
gherardini,
ghost,
gianluca bulega couture,
gianluca gariboldi,
gianmarco venturi,
gianni campagna,
giardini di toscana,
giardino benessere,
giardino dei sensi,
giardino magico,
giglio,
gilbert henry,
gillette,
gin tonic,
gina liano,
ginestet,
gini parfum,
giorgio michel,
giorgio valenti,
giovanna antonelli,
giovanna baby,
giovanni bacci,
girard,
girlie fragrance,
gisada,
gisou,
gissah,
gisèle denis,
giulia nahmany,
giulietta capuleti,
givago,
giverny,
giviemme,
gl,
glamfume,
glamour & heels,
gleam perfume,
gloria ortiz,
gloss moderne,
glossier,
godet,
gods of our fathers,
goest,
golan,
golden judi,
golden rose,
goldfield & banks australia,
golf le fleur,
gonzel,
good chemistry,
good kind pure,
good water perfume,
goodtruebeautiful,
goop,
gorgée de soleil,
gosh,
gothica,
goti,
graff,
graham & pott,
grammatik drammatik,
granado,
grande,
grandiflora,
grasse au parfum,
grassroots,
gravel,
great american scents,
greta mastroianni,
gri gri parfums,
grisiau,
grooming lounge,
gruhme,
gucci,
guess,
guillermo parfum,
guinot,
guli,
gump's,
guru scent,
gustave eiffel,
gutenberg parfums,
gutteridge,
guy bouchara,
gwen stefani,
gwendolyn-mary,
gydja,
gypsy story,
gérard danfre,
gírl de provence,
haas parfum,
habibi ny,
hackett london,
hadarah perfumes,
haeckels,
hale bob,
halle berry,
halloween,
hampton sun,
handsome london,
hanky panky,
hanorah,
happ & stahns,
harajuku lovers,
harald gloockler,
harb's,
hard candy,
hardeman,
harlem botanica,
harlem candle co.,
harvey prince,
hate me love me,
hattric,
haute fragrance company hfc,
hawaiian tropic,
hawthorne,
hayaat al oud,
hayley kiyoko,
headspace,
heavenduft,
hedgren,
hedonik,
hei poa,
heidi klum,
hej:pure,
helena rubinstein,
helene fischer,
helmut lang,
helène d'arcy,
hema,
hemani,
hemcael,
hemp care,
henderson,
henny faire co.,
heno de pravia,
henri bendel,
henrik vibskov,
henry cotton's,
henry dunay,
herb alpert,
herbalife,
herban cowboy,
hercules man,
heritage berbere,
herr von eden,
herra,
hershee izell,
hersip,
herve gambs paris,
herve leger,
hervé domar,
hf perfumes,
hidden desire,
hierbas de ibiza,
hierbas de mallorca,
highland lilac of rochester,
hilal,
hilary duff,
hildegard braukmann,
hima jomo,
hipnote,
hiram green,
hiroko koshino,
histoires d'eaux,
historiae,
history parfums,
hmns,
hoc,
hoermanseder,
hoity toity,
holika holika,
holistick,
hollywood milano,
holynose parfums,
homoelegans,
honore des pres,
honore payan,
hoohaa,
hormone paris,
hors la monde,
horseball,
hostless,
hotel hassler roma,
house of cherry bomb,
house of forbidden fruit,
house of gray,
house of hautt,
house of linnic,
house of orpheus,
house of wanderers,
hrh princess elizabeth,
hsh prince nicolo boncompagni ludovisi,
hubert maes creations,
hugh parsons,
humiecki & graef,
hunca,
hunkemöller,
hunq,
huron,
hussein chalayan,
hustler,
huygens,
hyperbole,
héloïse de v.,
h₂o plus,
i am sicily profumi,
i caratteri,
i fiori del male,
i love,
i profumi del mastro profumaio,
i santi,
i smell great,
i-scents premium,
iberia - иверия,
ibn ma'in,
ibraheem al.qurashi,
ibrahim fuhaid,
iceberg,
icon beauty,
iconix,
ignacio figueras,
iiuvo,
ikks,
ikon,
il cremonese 1715,
ilari,
illamasqua,
illume,
illuminum,
ilum dean,
iman,
immensity,
immortal perfumes,
imotski,
impala,
imperial,
imperio lusso,
impero perfumes,
in fieri,
in fiore,
indices parfums,
indigo wild,
indult,
ineke,
ines de la fressange,
inessance,
infinitif,
infusion organique,
ingrid starnes,
initio parfums prives,
innisfree,
insider parfums,
inspiration olfactive,
inspiritu,
instituto español,
instyle,
intelligent nutrients,
intelligent perfumery,
interparfums,
intimissimi,
inubi,
invisible/hr1,
invocation,
io.ko 1954,
ipseity,
irene 艾琳,
irie,
irina vaganova - ирина ваганова,
iris von arnim,
irisch moos,
iruela,
isa g,
isaac mizrahi,
isabel and ruben toledo,
isabel derroisne,
isabela capeto,
isabell,
isabell kristensen,
isabella rossellini,
isabelle ariana parfums,
isabelle larignon,
isabelle t,
isabey,
isadora paris,
ischia cosmesi,
island bath and body,
isnard,
isole mediterranee,
ist&me,
itstree,
iunx,
ivanka trump,
ivr swiss group,
izod,
i̇ydə,
j'elle bulan parfums,
j. casanova,
j. d'arjental,
j. peterman,
j.f. schwarzlose berlin,
j.s. bach,
j.u.s parfums,
jaber & kindi,
jack perfume,
jaclyn smith,
jacob,
jacques griffe,
jacques heim,
jad house parfums,
jade goody,
jads international,
jagaia,
jaimin essence,
jalaine,
jamal perfumers london,
jammie nicholas,
jan niche concept,
jan rosê,
jane booke,
jane iredale,
jane seymour,
jardin bohème,
jardin d'amour,
jason wu,
jasper conran,
jazeel,
jcb perfume,
jd jeffrey dame,
jealous,
jean barthet,
jean couturier,
jean desprez,
jean dessès,
jean louis vermeil,
jean luc amsler,
jean marc paris,
jean monnet,
jean pascal,
jean reno,
jean-claude jitrois,
jean-jacques diener,
jean-louis scherrer,
jean-marc sinan,
jean-michel duriez,
jeanne d'urfé,
jenna jameson,
jenni farley,
jennica,
jenny glow,
jergens,
jeroboam,
jesse mccartney,
jessica mauboy,
jessica mcclintock,
jessica mila,
jesus del pozo,
jette joop,
jewels'joy,
jijide,
jin abe parfums,
jinx smells,
jls,
jo kemby pogopogo,
jo levin,
jo milano paris,
jo wood organics,
joan collins,
joan vass,
jockey,
joe legend,
joey essex,
john galliano,
john john,
john mac steed,
john player special,
john richmond,
john russo,
john wanamaker,
johnson & johnson's,
joie,
jojo siwa,
joli joli,
jolie laide perfume,
jones new york,
joop!,
joots,
jordan belfort fragrances,
jordana parfums,
jordin sparks,
jose antonio tenente,
joseph,
joseph abboud,
joseph duclos,
joseph jivago,
josh rosebrook,
josie gibson,
jouany perfumes,
joubert,
jouri,
js douglas söhne,
judith,
judith paris,
judy garland,
juicy jewel,
julianna's perfume,
juliet stewart,
juliette has a gun,
julio iglesias,
julisis,
july st barthelemy,
june jacobs,
juniper lane perfumes,
juniper ridge,
juozas statkevicius josef statkus,
jurlique,
jusbox,
just jack,
justice bodan,
justin bieber,
juvena,
juventus,
k-fragrance,
kafka international,
kai,
kaif parfum,
kalem,
kalina,
kalit,
kaloo,
kanabeach,
kanebo,
kanitz,
kappa,
kar.ribe,
karen doué,
karen mok 莫文蔚,
karen timson,
karen walker,
kat burki,
kat von d,
katana parfums,
kate moss,
kate spade,
kate walsh,
kathy hilton,
katie price aka jordan,
kayali fragrances,
kazan perfume factory aromat,
keep lucky,
keith urban,
kelly & jones,
kelly brook,
kelsey berwin,
kemi blending magic,
ken scott,
kendall hart,
kenji tanaka,
kensie,
kerkoff,
kerry katona,
kesling,
kesma,
keune,
key sun laboratories,
khadlaj perfumes,
khalil t.,
khaltat,
kharkov perfume factory,
khas oud & perfumes,
khloe and lamar,
khye fragrances,
kibio,
kiehl's,
kiera mai,
kierin nyc,
killer loop,
kim kardashian,
kimberly new york,
kimberly wyatt,
kimora lee simmons,
kinetic perfumes,
kingdom scotland,
kinski,
kismet olfactive,
kiss cosmetics,
kiton,
kitowa,
kitson,
kiöri,
kmnature,
knights fragrances,
knize,
kocca,
kokeshi,
kolmaz,
kookai,
kophē,
korloff paris,
kosiuko,
koutisse perfume,
kozmetica bratislava,
kraft,
kristen michele,
kristiansand new york,
kusado,
kush perfume,
kylie minogue,
kyngsyx ensemble,
kásia cosméticos,
l'acqua di fiori,
l'adoné,
l'antichambre,
l'arc,
l'aromatica perfume,
l'atelier boheme,
l'atelier francais des matieres,
l'atelier parfum,
l'bel,
l'eau de riô,
l'esprit des saisons,
l'essence des notes,
l'evinia,
l'objet,
l'oeil du vert,
l'orchestre parfum,
l'orientale fragrances,
l'oréal paris,
l'wren scott,
l.k.bennett,
la bastide des senteurs,
la bastille,
la bella figura,
la boticá,
la bouquetiere,
la chênaie,
la cité des parfums,
la collina toscana,
la comedie des parfums,
la curie,
la dodgers,
la facon,
la folie a plusieurs,
la maison orientale,
la maison oud,
la manufacture,
la mer,
la parfumerie arlesienne,
la parfumerie moderne,
la senza,
la signore the fragrance,
la sucrerie de la montagne,
la sultane de saba,
laboratory perfumes,
labron,
ladurée,
lady gaga,
lafayyat,
lake & skye,
lalaloopsy,
lambre,
lambretta,
lamis atef,
lane bryant,
lang lang,
langé,
lanman & kemp,
lanoe,
lanselle paris,
lansy,
lanu fragrance,
laor,
lapp fragrances,
larry mahan,
latherati,
laubahn perfumes,
laughing saint,
laundry by shelli segal,
laura ashley,
laura biagiotti,
laura tonatto,
laurent dornel,
lavanila laboratories,
lavender stardust,
laverne,
lavish care,
layer parfums,
lazaro,
lazarus douvos,
lazure perfumes,
lc waikiki,
le bel aujourd'hui,
le blanc,
le cercle des parfumeurs createurs,
le frag,
le galion,
le jardin retrouve,
le monarque,
le parfumeur,
le pelerin,
le persona,
le petit prince,
le prestige,
le prince jardinier,
le ricette dell'antica farmacia del cinghiale,
le tour de france,
leaders,
leahlani skincare,
ledda,
lee cooper originals,
leeming-pacquin,
legacy,
legend's avenue,
legendary fragrances,
legendär,
legrain,
leh perfumes,
leilani bishop,
leite de rosas,
leitmotiv,
leme,
len fragrances,
lena hoschek,
lengyel,
lenny niemeyer,
lentheric,
leonard,
leroza perfumes,
les aphrodisiaques,
les bains guerbois,
les cocottes de paris,
les contes,
les copains,
les destinations,
les deux fragrances,
les eaux primordiales,
les ecuadors,
les fleurs de bach,
les fleurs du golfe,
les folies du parfum,
les fragrances oubliées,
les gens du sud,
les indemodables,
les nereides,
les nez,
les parfums du soleil,
les parfums suspendus,
les senteurs gourmandes,
les soeurs de noe,
les voiles depliees,
les élixirs,
leslie blodgett,
lesquendieu,
less is more,
levada perfume,
levent,
lheritier,
lia ruy,
liaison de parfum,
libertin louison technique indiscrete,
libertine fragrance,
library of flowers,
lidl,
ligne st. barth,
liis,
likes laurent,
lilai 丽来,
lili bermuda,
liliana deschamps,
liliana paduano parfum,
lilly pulitzer,
lily aldridge,
lily rose parfums,
limonero p.,
lina hanson,
linari,
linda landenberg,
lindo ganarin,
link,
lionel richie,
lip smacker,
liquid money,
lisa hoffman,
lisa kirk,
lise london,
lise watier,
lite cycle,
little mix,
liu jo,
liv grn,
livia rus,
liz claiborne,
liz earle,
lobogal,
loft,
logevy firenze 1965,
lohse,
lola cosmetics,
lola james harper,
lola mood parfums,
lola paltinger,
loly in the sky,
london time,
long lost perfume,
lood,
look labs,
looks by wolfgang joop,
looney tunes,
lor paris,
lord of barbès,
lord's jester,
loree rodkin,
lorelyane,
lorenzo siena,
lorga parfums,
loriblu,
lostmarch,
lotto,
lotus,
lotus cosmetics london,
lotus noir perfumery,
louis alavia,
louis feraud,
louis philippe monaco,
louis widmer,
loumari,
love in written,
love passport,
love the key to life,
love2love,
lovegang,
loveshackfancy,
lpdo,
luce fragrance,
lucertolablu,
lucia piloto,
luciano pavarotti,
luciano soprani,
lucienne von doz,
lucky brand,
lucy b,
lucy mecklenburgh,
lui niche,
luisa spagnoli,
lulah,
lulla & lily,
lulu beauty,
lulu guinness,
lumene,
lumi cosméticos,
lumiere,
lumira,
lumodos,
lunio,
lux e+ terra,
luxar,
luxodor,
luxor fragrances,
lyn,
lé max fragrances,
lórien's parfum,
lú by ludovica di loreto,
l’envie parfums,
l’essence de mastenbroek,
m. asam,
m.e.c - my exclusive collection,
m.int,
ma blonde perfumes,
maa althahab,
maar,
maaz safder fragrances,
macal palma,
mack n gnosh,
madame mompié,
made,
made in pigalle,
madeleine mono,
madeleine vionnet,
maderas de oriente,
madewell,
madonna nudes 1979,
mag & logan,
magdala,
magic oud,
magma,
magnetic scent,
magno gaudio firenze,
magruss,
mahdi alajmi,
mahdi perfumes,
mai senza profumo,
maiden noir,
maios,
mair,
maison alhambra,
maison crivelli,
maison d'etto,
maison d'hauteville,
maison de amalric,
maison de darius,
maison de parfum berry,
maison des reves,
maison du sage,
maison evandie,
maison héritage,
maison ianné,
maison louis marie,
maison magistral,
maison martin margiela,
maison mataha,
maison nicolas de barry,
maison noir,
maison oud,
maison rebatchi,
maison royale parfum,
maison sambin,
maison tahité – officine creative profumi,
maison violet,
maison wolf parfumeur,
maison yusif,
maitre parfumeur et gantier,
maja españa,
majan,
majda bekkali,
majenty,
majushka,
make up store,
malay perfumery,
malbrum parfums,
male lab pour homme,
male parfum,
malie organic,
malin+goetz,
mallo,
mally,
malée,
mami wata,
manchester,
mandarina duck,
mango,
manila grace,
manish arora,
manny pacman pacquiao,
manoush,
mansfield,
manuel canovas,
maoli,
map of the heart,
mar de ibiza,
mar galliti,
maracujá brasil,
marble oud,
marc atlan,
marc cain,
marc de la morandiere,
marc ecko,
marc gebauer,
marc o'polo,
marc rosen,
marc weiss,
marc-antoine barrois,
marcel bur,
marcella wouters,
marcelle dormoy,
marchesa,
marcoccia,
marella ferrera,
margaret astor,
margot&tita,
maria christofilis,
maria sharapova,
mariah carey,
marialux,
marie jeanne,
marie saint pierre,
mariella martinato,
marilyn monroe,
marina barcenilla parfums,
marina marinof,
marina picasso,
marina smith,
marina spadafora,
marina yachting,
marissa zappas,
marita parfum,
marjorie midgarden fragrances,
mark birley,
mark buxton,
mark cross,
mark wright,
marlou,
marmol & son,
marni,
marquisa dubai,
martine marie laurent,
marvel,
mary greenwell,
mary mcfadden,
mary-kate and ashley olsen,
maryaj,
mas jewels,
masone,
massoïa secrets,
mastercard,
masterpiece,
mastiha shop,
mathias paris,
matiere premiere,
matin martin,
matteo parfums,
matthew decker,
matthew williamson,
mau perfume,
mauboussin,
mauro lorenzi profumi,
mauzan,
mauá,
mavemade,
mavroki,
max azria,
max deville,
max factor,
max joacim,
max mara,
max philip,
maxim's de paris,
maxmatto,
may fair le caire,
maya njie,
mayfair,
mayjoy the perfumer,
mayrit,
mayssa,
mazda,
mazhu kozhu (мажу кожу),
mcm - mode creation munich,
medeau,
megacosm,
mekkanische rose,
melange perfume,
melanie martinez,
meleg perfumes,
melissa,
melissa flagg perfume,
melvita,
memento italian olfactive landscapes,
memoire liquide,
memoirs of a perfume collector,
memoize london,
memories parfums,
memphis,
menard,
mendes perfumes,
menelik fragrances,
mennen,
meo fusciuni,
mercadona,
merchant,
mercurio perfumes,
merhis perfumes,
meridiano milano,
merle norman,
mermade magickal arts,
mermaid perfume,
merveille de france,
mes bisous,
meshaz natural perfumes,
mesonsol,
mesri perfumes,
message in a bottle,
messinian spa,
metanoa de la rose,
metaphysica parfums,
mezh,
mgm grand,
mgo duftanker,
mi6ka,
mia pangea,
mica,
micaelangelo,
micagem,
michael bolton,
michael buble,
michael cromer,
michael hill,
michael jackson,
michael paul fragrances,
michael storer,
michal szulc,
michel klein,
michele bergman,
michele bianchi,
michele franzese orgasme parfumes,
michelle michini,
mickey and friends,
mihail voronin,
mihan aromatics,
mikhail baryshnikov,
mikimoto,
mikmoi,
milano cento,
milano fragranze,
miles wambaugh,
miller et bertaux,
milton lloyd,
mimesis parfums,
mimmina,
mind games,
mine perfume lab,
mine. perfumery,
ministry of oud,
ministry of sound,
minois paris,
mira takla,
mirads parfums,
miraj,
mireille provence,
miriam ocariz,
mirko buffini firenze,
mirto,
mirus fine fragrance,
misenum,
miskeo parfums,
miss anastasia,
miss sixty,
miss sporty,
missala,
missguided,
missha,
mitchell & peach,
miu miu,
mix:bar,
mixit,
miya shinma,
mizensir,
mizu,
mmasi,
moar,
modern lady 摩登红人,
modern peasant,
modernist fragrance,
modigliani,
mojo,
mojomagique,
mokoto,
molsheim & co,
molyneux,
momento perfumery,
momo design,
mona di orio,
mona's flower,
monaco parfums,
monart parfums,
mondi,
mondo mondo,
monika klink,
monique lhuillier,
monoscent,
monreale,
monsillage,
monsoon,
montazami,
montegrappa,
montgomery taylor,
mont’anne parfums,
monyette paris,
moon by dana rogoz,
moonshot,
more&more,
morgan,
morgane le fay,
moriki doriki,
moroccanoil,
morreale paris,
morris,
morris motley,
mosaic,
moschino,
moset,
moth and rabbit perfumes,
moudon,
mox botanicals,
mpf,
mr vanguard,
mr.waldron,
mtv perfumes,
mugham,
muhammad ali,
mullium,
mumchit,
munaas,
murad mesud,
murano,
murdock london,
muriel cosméticos,
mury paris,
music de parfum,
musicology,
musk,
musk collection,
mustang,
mustela,
mvrn parfums,
mw perfumes,
my daughter fragrances,
my geisha,
my perfumes,
myropol,
"mystery, modern mark",
mythos,
mémoire archives,
ménage à trois,
n-cigale,
n.c.p. olfactives,
n10z intense,
na nin,
nabucco,
nadia z,
nafnaf,
naiada secrets,
naj oleari,
nakt,
nana.m,
nancy meiland parfums,
nanette lepore,
nanne bailey parfums,
naomi goodsir,
naomi jon,
napoleon cologne,
narcotica,
nars,
nasamat najd,
nasengold,
natalie wood,
nateeva,
natio,
natori,
natur milano,
natura siberica,
natural scents,
natural teller,
nature of agiva,
naughton & wilson,
nautica,
nautilus,
nazareno gabrielli,
nazari essences,
nazca,
neadea,
neal & wolf,
neela vermeire creations,
negligé perfume lab,
nelly,
nenuco,
neo cologne,
neom organics,
neotantric,
nerd,
nesti dante,
neus parfum,
neville,
new look,
new notes,
new york yankees,
next,
nez a nez,
nez zen,
niche,
niche4all,
nicheend,
nick ricardo collection,
nicki minaj,
nicky chini,
nicky verfaillie,
nico uytterhaegen,
nicolai bergmann,
nicolas danila,
nicole amy fragrances,
nicole farhi,
nicole richie,
nicole scherzinger,
niki taylor,
nikos,
nilafar du nil,
nina lamaison,
nina moric,
nina's nature,
nine west,
nino touma,
nivea,
niven morgan,
niviru,
no mejora,
noble royale,
nomade perfumes,
nomenclature,
nonfiction,
nonplusultra parfum,
nooka,
norell,
normal estate,
norman hartnell,
norra norrland,
north stag,
northfields tailors,
nose perfumes,
nose republic,
nosegasm,
noses,
nostalgia collection,
not perfumes,
note di profumum,
note fragrances,
notebook,
notefluide,
noteworthy,
nout,
nouveau paris perfume,
nshq,
ntrigue,
nu parfums,
nuhi,
nuroma,
nutriex,
nuxe,
nyakio,
nych perfumes,
nza - new zealand auckland,
nziria,
o'livia inspiração botânica,
o.j perrin,
o.p.s.o.,
oaken lab,
obey clothing,
obvious,
ocean laguna,
ocean pacific,
odecla,
odetu,
odin,
odoratika,
odore mio,
odori,
odur,
odyon dubai,
off white,
officine del profumo,
oficine clemàn,
ohana kameala,
ohtop,
oilily,
ojai wild,
ojar,
ok fine fragrances,
okki,
old factory soap company,
old navy,
oleg cassini,
olentia nasus,
olfac3,
olfacstory parfums,
olfactive o,
olfactive pharmacy,
olfactive studio,
olfactum,
olga tschechowa,
olibere parfums,
olive perfumes,
oliver henry,
olivier de kersauson,
olivier strelli,
olivina men,
olivina napa valley,
olivine atelier,
omaf,
omar sharif,
omega,
omorovicza,
one diffusion,
one direction,
one seed,
one way bridge perfumes,
onskad,
onyrico,
opeer,
opsobjects,
optico profumo,
opus oils,
orali perfume,
orens,
orgânica,
ori,
ori russo,
oribe,
origins,
oriza l. legrand,
orlane,
orlov paris,
ormaie,
ormonde jayne,
orn,
orobianco parfum collection,
oros,
ortigia sicilia,
orto parisi,
oryn house,
oscar london,
oscar mejia iii,
osm,
osmogenes perfumes,
ostrikov beauty publishing,
otoori,
ottaniqo,
otto feelings,
ouai,
oud & musk,
oud al zubarah,
oud elite,
oud factory,
oudh al anfar,
our legacy,
our modern lives,
ourside,
overose,
ovéh madrid,
oxbow,
pacoroca,
pacsun,
page parfums,
paglieri,
pal zileri,
palm beach beauté,
palmers,
paloma picasso,
palquis,
pamela anderson,
pamella roland,
pan drwal,
pan seven international,
panah london,
pancaldi,
pandora,
panos emporio,
panthenol extra,
panvel,
paolo gigli,
paolo pecora milano,
papillon,
papillon artisan perfumes,
par siren,
paradise perfumes and gems,
paragon perfumes,
parah,
parallax olfactory,
parco 1923,
parera,
parfico,
parfum buro,
parfum d'empire,
parfum de azalea,
parfum marie,
parfum the lab,
parfum xxi,
parfumeide,
parfumerie naturelle,
parfumerie particulière,
parfumerie tiki tahiti,
parfumeurs du monde,
parfumologie,
parfums 06130,
parfums 137,
parfums ailleurs,
parfums bichara,
parfums bombay 1950,
parfums codibel,
parfums corialys,
parfums d'elmar,
parfums de fedora,
parfums de la bastide,
parfums de marly,
parfums de nietzsche,
parfums delrae,
parfums du château de versailles,
parfums dusita,
parfums j'ai osé,
parfums jabrane & fenaoui,
parfums lalun,
parfums llewelyn,
parfums louis armand,
parfums love love,
parfums marco serussi,
parfums matisse,
parfums mercedes,
parfums morena,
parfums namara,
parfums privilege,
parfums quartana,
parfums regence,
parfums regine,
parfums retro,
parfums san reinald,
parfums sophie la girafe,
parfums sophiste,
parfums valjean,
parfums valois,
parfums vintage,
parfums zeenat,
paris bleu parfums,
paris corner,
paris oud,
parisvally perfumes,
parizino 贝丽丝,
parle moi de parfum,
parli parfum,
parlux,
parmafragrance,
particle,
partisan parfums,
parum,
pascal morabito,
pascal schaller,
patio,
patrice martin,
patrichs,
patricia kaas,
patrizia pepe,
patti labelle,
patyka,
paul & joe,
paul donnant,
paul emilien,
paul schütze,
paul sebastian,
paul smith,
paulina rubio,
pauline rochas,
payard,
payot,
paysage,
pdbr perfume,
pearfat parfum,
pearlescent parfums,
peccato originale,
pedacito de cielo,
pedro del hierro,
pekji,
penthouse,
peosym,
pepe jeans london,
perdrisât,
pereja,
perfect sense mane,
perfume and skin,
perfume co.,
perfume treasure,
perfume.sucks,
perfumehead,
perfumes artesanales,
perfumes cardales,
perfumes hedoné,
perfumologist,
perfumérica,
"perio, inc.",
pernoire,
perry ellis,
persephenie studio,
persons of interests,
peter jacobs,
peter jacobs parfum,
petúnia,
pfizer,
ph fragrances,
phaedon,
pharrell williams,
philea,
philip martin's,
philipp plein parfums,
phoebe peacock,
phoenicia perfumes,
photogenics + co,
phronema perfumes,
phuong dang,
phytoderm,
pierre alexander,
pierre bourdon,
pierre cardin,
pierre precieuse,
pierre wulff,
pigalle,
pigmentarium,
pilar & lucy,
pimkie,
pinaud clubman,
pineider,
pininfarina,
pink room,
pino silvestre,
pinrose,
piotr czarnecki,
piper & perro,
pirette,
pirouette,
pistaché,
pk perfumes,
place de la rêverie,
plantage,
platinum j,
playmobil,
plinsky,
plumages,
plume impression,
pmp perfumes mayr plettenberg,
pnina tornai,
pocket parfum,
pocket scents,
poiray,
pokrovka trading house,
pola,
pollena ewa,
polo play,
pom pom,
pomares stolen perfume,
ponsa,
porcelain perfumery,
pork barrel bbq,
porsche design,
portland general store,
ports 1961,
portus cale,
poshara,
possets perfume,
potter & moore,
poulage parfumeur,
pour toujours,
pourmoi,
pout,
pp perfumes helsinki,
prairie artisan fragrances,
preeminence,
premiere note,
prescriptives,
prestige - beauty has a secret,
prestigious,
pretty ballerinas,
prima materia,
primacial,
primaniacs,
primark,
prime collection,
prime minister,
prince henri d'orleans,
prince obolenski,
principessa beauty,
priscilla presley,
prismanero,
prissana,
private mood,
privezarah,
procter & gamble,
proenza schouler,
professor,
profile,
profumeria franco,
profumi capri,
profumi d'art (art landi profumi),
profumi di pantelleria,
profumi di polignano,
profumi di sant'elena,
profumi fluviali,
profumo del conero,
profumo di firenze 1954,
project d by dannii and tabitha,
promoparf exclusive,
prosody london,
proteo profumi,
prouvenco,
providence perfume co.,
provision,
pryn parfum,
psychotic london,
pucca,
puente perfumes,
puppy love,
pure gold perfumes,
pure natural diva,
pure presence,
pure sense,
puredistance,
pussy deluxe,
puzzy by anitta,
qhue,
qissati,
qixi tsicy,
qod barber shop,
qod cosmetics,
queen b,
queen latifah,
quiksilver,
quintesscent,
r&c russell wilson & ciara,
racco,
rachel zoe,
radiant professional,
radley,
raffaella curiel,
rahua,
rajani,
rallet,
ramakrishnananda,
rammstein,
rampage,
ranger station,
rania j,
raphael,
rasei fort,
rashat,
rasht otr,
raunsborg,
ravenscourt apothecary,
raymond,
raymond matts,
raïs,
rbg paris,
real time,
rebecca minkoff,
rebel & mercury,
rebel intuitive perfumerie,
red carnation – красная гвоздика,
red flower organic perfume,
red or dead,
red pearl,
redamance,
redolescent,
reed krakoff,
reehat al atoor,
reem acra,
refan,
regal,
regalien,
regency cosmetics,
reghen,
reghen's masters perfumers,
regia,
regina harris,
regina schrecker,
reichenbach,
reims,
reinvented,
reiss,
remedy northwest,
remy marquis,
ren,
renato balestra,
rene garraud,
rene lezard,
renegades,
renier perfumes,
repetto,
rephase,
replay,
reporter,
requin,
retrouvailles,
revelations,
revenge,
revillon,
revolution makeup,
rhizome,
riachi,
riaz dan,
ricarda m.,
rich hippie,
rich mess,
richard,
richard dupont,
richard james,
richouli,
rick owens,
ricky sarkany,
ricordi,
rifat ozbek,
rimmel,
ring,
rirana parfume,
rito,
riva,
rivages parfums,
rms titanic,
roads,
robert beaulieu,
robert graham,
robert piguet,
robert talbott,
roberta andrade,
roberto capucci,
roberto geissini,
roberto greco,
roberto manrique,
roberto torretta,
roberto ugolini,
roberto vizzari,
roblé,
roca perfums,
rocawear,
rocco ragni,
rock & republic,
rock filius,
rockford,
rodier,
roelen,
roemy,
roger vivier,
roh parfums,
romea d'ameor,
romero britto,
ronald van der hilst,
rook perfumes,
room 1015,
roos & roos,
rosa chá,
rosadoor,
rosae virtus,
rosario flores,
rose & co manchester,
rose desgranges,
rose en bos,
rose et marius,
rose of bulgaria,
rose rossa,
rose simonse,
rosendo mateu olfactive expressions,
roses for autism,
rosseta harris,
rosy & earnest,
rothenstein,
rouge & rye,
route 66,
roxy,
roy roger's,
royal barber,
royal copenhagen,
royal cosmetic,
royal doulton,
royal fragrances london,
royal glory,
royal lion parfums,
royal monceau,
royal parfum,
royal sanders,
royal toad,
royall lyme bermuda,
royalty by maluma,
rpl,
rub,
rubaza,
rubeus milano,
rubini,
rubino cosmetics,
ruby rose,
rude gallery,
rudross,
rue broca,
rue princesse,
rue21,
ruehl no.925,
rugol,
ruik,
rundholz,
rupaul,
ruskolon,
ruth mastenbroek,
régime des fleurs,
rêveur,
s ent nudes,
s poncet,
s''ram,
s-perfume,
s.a.c.k.y,
saad,
sabrina carpenter,
sacratu,
saffron james,
sahar al sharq perfumes,
sahlini parfums,
sai new york,
saigon cosmetics,
saile international,
saint amour,
saint d'ici,
saint morits,
sakamichi parfums,
salas,
salentum i profumi,
salle privée,
salum parfums,
salvezza,
sam edelman,
sama,
samantha faiers,
same but different,
sammi sweetheart,
sana jardin,
sanae intoxicants,
sanctuary,
sanctuary spa,
sandalia,
sandovalis,
sandro,
sandro moscoloni,
sanrio,
sans soucis,
sansibar,
santa fe botanical natural fragrance collection,
santa lucia,
santi burgas,
santiago david parfums,
sap perfume,
sapil,
saponificio pachys,
sapphire scents,
sarabecca,
sarah baker perfumes,
sarah ireland,
sarah jessica parker,
sarah kern,
sarahs creations,
sarib,
sartoria chiussi 1868,
sarya,
sasha varon,
saskia diez,
sassy by savannah chrisley,
sasva,
satellite,
sauzé,
sawalef,
sbj esntls,
scaasi,
scalpers,
scapa,
scaramouche & fandango,
scarlett,
scent,
scent (s)trip perfume,
scent by alexis,
scent hunters,
scent journer,
scent journey,
scent nostalgia,
scent of africa,
scent of finland,
scent on canvas,
scent salim,
scent studio,
scent-organix,
scent-personality,
scentbar,
scentologia,
scentonic,
scentory,
scents & the city 寻味地图,
scents of time,
scentsational of huntington,
scentwiki,
scorpio,
scriabin in the himalayas,
scène fragrance,
seajewels,
sean john,
sebastian signs,
sebastiane,
second edition olfactive,
segreti di lucca,
seinz.,
selcuk esans,
senke,
sensai,
sentifique,
senyokô,
seren,
serendipity 3,
serenity + scott,
serge dumonten,
serge louis alvarez,
serge normant,
sergey gubanov,
sergio soldano,
sergio tacchini,
serra & fonseca,
seth kornegay,
seveline nature,
seven skies,
seventeen,
sevigne,
sevilla fragrances,
sex and the city,
sfondo perfume,
sg79 sthlm,
shades of scents,
shaik,
shaikh mohd saeed,
shakespeare perfumes,
shakira,
shalini,
shaneela rowah al-qamar,
shanghai tang,
shania twain,
shantara,
shanti parfums,
shao ko,
shauran,
shawn mendes,
shay & blue london,
she who dares,
sheerluxe,
sheinvald,
shelley kyle,
shelter in perfume,
sherod marquez artisan perfumes,
shiara,
shiraz parfums,
shirin david,
shiro,
shmeem,
sholayered,
shu uemura,
"si, más!",
siam 1928,
siberian wellness,
sigil,
signature,
signature royale,
signature yashmagh,
sikelia,
sileno cheloni firenze maestro profumiere,
silke wilhelm i.,
simon chang,
sinfonia di note,
sir parfumer dna 2030,
sisley,
sixteen92,
sjaak hullekes,
skeem,
skinfood,
skinn dimitri james,
skinnydip,
sklva,
skye botanicals,
skylar,
slava zaitsev,
sly john's lab,
smith & wesson,
smoke,
snap perfume,
snif,
soap & glory,
soap & paper factory,
soapmeet 香约,
society parfums,
soda,
sofia vergara,
soki london,
sol de janeiro,
solafa scents,
solange azagury-partridge,
solinotes,
soma,
soma parfums,
somens,
somethin special,
song of india,
sonia kashuk,
sonia rykiel,
sonic alchemy,
sooud,
sophia thiel,
sora dora,
sorelle fontana,
sortilège olfactive arts,
sothys,
soul couture,
soul of mine,
souleiado,
source adage fragrances,
sous le manteau,
southern living,
soyuzparfumerprom,
sp parfums sven pritzkoleit,
spadaro luxury fragrances,
spartacus,
spectator,
sphinx fragrances,
spirit,
spiritum,
spongebob squarepants,
spring,
sri london,
ssc napoli,
st giles,
st james of london,
st. clair scents,
st. john,
st. johns,
st. rose,
stacey solomon,
stacked style,
stand around creations,
star nature,
star wars perfumes,
starck,
state of mind,
stato d'animo,
stefano canturi,
stefano ricci,
steffen schraut,
stella cadente,
stellar scents,
stenders,
stendhal,
stephanie de monaco,
stephanie de saint-aignan,
stephen burlingham,
stephen jones,
steve martin paris,
stila,
stilllife,
stilton,
stockholm nobel fragrance,
stone & wit,
stora skuggan,
stories parfums,
str8,
strada,
strange invisible perfumes,
strangers parfumerie,
strellson,
strenesse,
strings of errors,
studio olfativo,
style parfum,
stéphane humbert lucas 777,
suassuna parfums,
subhi khalilbayov,
success de paris,
suchel camacho,
sucreabeille,
sue devitt,
sugababes,
suigeneris non binary essence,
suleko,
sulmona essenza,
sunnamusk,
sunny leone,
superdry,
superfumista,
supertrash,
surrati perfumes,
susan d. owens,
susan g. komen for the cure,
susan mccray,
suskind editions de parfums,
suzy larsen perfumes,
swank inc,
swarovski,
sweet anthem perfumes,
sweet years,
swerve parfums,
swiss alpine,
switch perfumes,
sylvie,
sylvie van der vaart,
symrise,
synapse,
synes moon 偷自月亮,
sézane,
süs-skïnd,
tabacora parfums,
tabbeau place,
tableau de parfums,
tadashi shoji,
taffin fragrances,
taif al emarat,
take me there,
talbot runhof,
talbots,
tamar,
tambela natural perfumes,
tamburins,
tammie garr,
tamworth garden,
tann rokka,
tanya burr cosmetics,
taoasis,
tara reid,
tars,
tarte cosmetics,
tashkent perfume factory lola,
tatau,
tauer perfumes,
tauerville,
tauleto,
taylor of london,
taylor of old bond street,
taylor swift,
tc world of women,
te plus te,
teana,
teaology,
ted baker,
ted green cayman islands,
tempus vitae,
teresa helbig,
terragonia,
terre del garda,
terre di sardegna parfum,
terres dorées,
tertia sensu,
tesori d'oriente,
tessa williams,
testa maura,
testament london,
teufels kuche,
tezenis,
tfs,
thameen,
thary,
thauy,
the 5th,
the anarchist,
the art of shaving,
the beautiful mind series,
the beauty box,
the bluebeards revenge,
the bohemian society,
the bu - beautiful unapologetically,
the chef's,
the cologne house,
the crown perfumery co.,
the devil wears divinity,
the different company,
the exotic island perfumer,
the fabulous,
the face shop,
the federation of bakers,
the finest,
the fragrance,
the fragrance design studio,
the fragrance engineers,
the fragrance house,
the grand budapest hotel,
the greek perfumer,
the lab,
the lab fragrances,
the land of corfu,
the limited,
the maker,
the motley,
the naked bee,
the new jerusalem,
the nue co.,
the observer collection,
the parfumerie,
the people of the labyrinths,
the perfume atelier,
the perfume shop,
the perfumer's story by azzi,
the perfumist,
the phluid project,
the plitvice times,
the rising phoenix perfumery,
the rollings parfume,
the row,
the saem,
the saltworks company,
the scent of departure,
the scented souq,
the scottish fine soaps company,
the smurfs,
the social parfum,
the society of scent,
the spirit of azerbaijan,
the sum,
the three arches co.,
the trend by house of sillage,
the unleashed apothecary,
the vagabond prince,
the water brand,
the whistling thorn,
the zoo,
theatre des parfums,
theo fennell,
theodoros kalotinis,
therapeutate parfums,
therme,
thierry blondeau,
thirdman,
thnyan riyadh,
thomas de monaco,
thomas kosmala,
thomas sabo,
thorn & bloom,
thwaites cologne,
thymes,
théophile leclerc,
tiande,
tiermarq,
tiffany,
tiffi,
tiffosi,
tigha,
tim mcgraw,
timo parfums,
tina arena,
tino cosma,
tisserand,
tita rossi,
titanium man,
tiv,
tiyrus,
tiê perfumes,
tkliwi nihilisci,
to summer | 观夏,
to the fairest,
tobali,
tobba,
tokidoki,
tola,
toli perfume,
tolteca,
tom daxon,
tom frank,
tom rebl,
tomavicci,
tomb raider,
tommi sooni,
toni braxton,
tonias' handmade,
tonymoly,
too cool for school,
topz,
torre of tuscany,
torrente,
tosca,
touch of oud,
tracy reese,
trance essence,
travertine,
tree of life,
tremendous,
trend perfumes,
trilogy,
trina,
triquetra,
trisha yearwood,
tristano onofri,
triumph,
tromborg,
tropical feeling,
trudi bleu london,
true blood,
true brit london,
true diamond perfume,
true religion,
truefitt & hill,
truly,
truly yours parfums,
trump,
trust me i am a liar,
tsi-la organic,
tsu lange yor,
tsuki no tomo,
tuberosa louca,
tuiga,
tujoué,
tulisa contostavlos,
tumi,
tutti délices,
tuttotondo,
tuvaché,
twenty20 cricket company,
twiggy,
twilight beauty,
twinkle apothecary,
twinset milano,
two mark,
typology. paris,
türkan,
ubaya,
udjat,
uermi,
ufo parfums,
ulrich lang,
umbro,
undergreen,
unic,
union,
union j,
unique,
unitop,
universal flowering,
untamed,
unvisual/parfums,
upshots,
urania,
urban decay,
urban reivers,
urban retreat,
urban rituelle,
urban scents,
urbieta14,
urbis parfums,
usher,
ussy pratama,
uy studio,
v canto,
v'tae,
v/siteur,
v76 by vaughn,
vakko,
valchemy lab,
valentin yudashkin,
valentina by guido crepax,
valentine palomba,
valeria mazza,
valerie nesterova exclusive perfumes,
valhom,
valmont,
valor,
van de zotte,
van heusen,
vanessa somerset design,
vanessa tugendhaft,
vanity,
vapro international,
vartan perfumes,
varzi artisanal perfume,
vassilis zoulias,
vdohni,
vdot,
vecny,
veejaga,
veld's,
venezia 1600,
venti4,
ventilo,
vera bradley,
veralab,
verdii fragrance,
verduu,
vero profumo,
vero uomo,
veronique gabai,
versatile paris,
versuit,
vertigo parfums,
vertus,
vespa,
veta perfume,
vfiles,
viadeimille sicilia,
vicini,
vicky martín berrocal,
vicky tiel,
victor,
victoria beckham beauty,
victoria bitter,
victorine,
victorio & lucchino,
vigny,
viking,
vila romana,
villa des parfums,
villa of the mysteries,
vinas del vero,
vince camuto,
vincent van gogh,
vinci,
vines house parfum,
vintìa,
violetas francesas,
violetta paris,
violette_fr,
violin fragrance,
viorica cosmetics,
visage,
visconti di modrone,
vitrue paris,
vittorio bellucci,
viv! body luxuries,
viva creation,
vivamor parfums,
vivanel,
vivant,
vivant cosméticos,
vivara,
vivasan,
vive maria forbidden fragrance,
vivienne sabo,
vivienne westwood,
vivinevo,
vladislava parfum,
voice from the sky,
vollare cosmetics,
vollmens,
von sono,
votre parfum,
vov,
voyage royal,
vult,
vyrao,
vyvedas,
vûrv,
w. f. adlmuller,
wa:it,
wajid farah,
walden perfumes,
wales perfumery,
wallachian perfumes,
wallpaper* steidl,
walter wolf,
warm ny,
water stories,
waterford,
waters + wild perfumery,
wax poetic,
we pink,
weil,
weleda,
wellments,
welton london,
wendy nichol,
wesker,
what we do is secret,
whind,
whitney houston,
who is elijah,
whíff,
wicked good,
wideye,
widian,
wild coast perfumery,
wild eden natural perfume,
wild precious life,
wildfox,
wilgermain,
wilhelm perfume,
william eadon,
william hunt,
williams,
winnie the pooh,
winx fairy couture,
wise organics,
wiseguys,
wittchen,
wolf brothers,
women in mind,
woods of windsor,
words,
wosp,
wren atelier,
wycon,
x-bond,
x-ray,
xd xenia design,
xianghai 香海,
xinú,
xiphoid,
xoxo,
xpec,
xquiscents,
xyrena,
y25,
yachtsman,
yafoooh perfumes,
yakura,
yana,
yanina yakusheva,
yes! cosmetics,
yesforlov,
yeslam,
yeye parfums,
yili olfactory art,
yllozure,
ynepsie,
yoppy,
you first pura rinascita,
young and gifted,
yvan serras,
yveperfume,
yves d'orgeval,
yvonne lafleur,
yvra,
yzy,
zahra,
zandra rhodes,
zanà parfum,
zara home,
zarkoperfume,
zazil,
zenadora,
zenami,
zepter,
zermat,
zernell gillie,
zeromolecole,
zhirinovsky,
zilda,
zilli,
zimmer parfums,
zinzi,
zippo fragrances,
zirconia arabia,
zlatan ibrahimovic parfums,
zoe karssen,
zoella beauty,
zoha aroma,
zolotonosha perfume factory,
zorannah,
zorica of malibu,
zuma,
zwitsal,
zync,
água de cabo verde,
águas de ipanema,
ånd fragrances,
édit(h),
élixir privé,
ésika,
être,
être au parfum,
ítalo pereira,
ô médina perfumery,
